CameraID,Species,Transect,FilemeName,VideoLength,StayLarge,CensoredLarge,SmallFocalArea,StaySmall,CensoredSmall,DateTime
1,BlueDuiker,GL,PICT0027,30,5.5,1,1,1.8,1,2011/7/13 9:32
1,BlueDuiker,GL,PICT0028,30,10.1,1,1,6.2,1,2011/7/14 11:27
1,BlueDuiker,GL,PICT0032,30,24.3,1,1,2.2,1,2011/7/17 16:51
1,BlueDuiker,GL,PICT0037,30,10.8,1,0,NA,NA,2011/7/18 14:00
1,BlueDuiker,GL,PICT0044,30,9.2,1,0,NA,NA,2011/7/22 13:45
1,BlueDuiker,GL,PICT0048,30,5.3,1,0,NA,NA,2011/7/24 15:22
1,BlueDuiker,GL,PICT0049,30,6.9,1,1,3.7,1,2011/7/25 15:12
1,BlueDuiker,GL,PICT0052,30,1,1,1,0.8,1,2011/7/26 9:18
1,BlueDuiker,GL,PICT0054,10,NA,NA,0,NA,NA,2011/7/27 10:09
1,RedDuiker,GL,PICT0055,10,NA,NA,0,NA,NA,2011/8/2 17:38
1,BlueDuiker,GL,PICT0057,10,NA,NA,0,NA,NA,2011/8/4 14:03
1,BlueDuiker,GL,PICT0060,10,NA,NA,1,1.1,1,2011/8/6 8:59
1,BlueDuiker,GL,PICT0061,10,NA,NA,1,NA,NA,2011/8/7 10:09
1,BlueDuiker,GL,PICT0062,10,NA,NA,1,NA,NA,2011/8/7 16:27
1,BlueDuiker,GL,PICT0064,10,NA,NA,1,4.1,1,2011/8/8 14:17
1,BlueDuiker,GL,PICT0065,10,NA,NA,1,1.1,1,2011/8/9 12:00
1,BlueDuiker,GL,PICT0068,10,NA,NA,0,NA,NA,2011/8/11 16:19
1,BlueDuiker,GL,PICT0069,10,NA,NA,1,NA,NA,2011/8/12 8:37
1,BlueDuiker,GL,PICT0070,10,NA,NA,0,NA,NA,2011/8/14 10:45
1,BlueDuiker,GL,PICT0072,10,NA,NA,0,NA,NA,2011/8/15 6:46
1,BlueDuiker,GL,PICT0074,10,NA,NA,0,NA,NA,2011/8/15 10:28
1,BlueDuiker,GL,PICT0075,10,NA,NA,0,NA,NA,2011/8/16 15:12
1,BlueDuiker,GL,PICT0079,10,NA,NA,1,NA,NA,2011/8/18 9:05
1,BlueDuiker,GL,PICT0080,10,NA,NA,1,NA,NA,2011/8/18 16:55
1,BlueDuiker,GL,PICT0082,10,NA,NA,1,NA,NA,2011/8/20 7:35
1,BlueDuiker,GL,PICT0084,10,NA,NA,1,NA,NA,2011/8/20 13:42
1,BlueDuiker,GL,PICT0087,10,NA,NA,1,NA,NA,2011/8/22 10:27
1,BlueDuiker,GL,PICT0090,10,NA,NA,0,NA,NA,2011/8/24 11:32
1,BlueDuiker,GL,PICT0095,10,NA,NA,1,NA,NA,2011/8/26 6:43
1,BlueDuiker,GL,PICT0097,10,NA,NA,1,NA,NA,2011/8/26 10:24
1,BlueDuiker,GL,PICT0099,10,NA,NA,0,NA,NA,2011/8/26 15:05
1,BlueDuiker,GL,PICT0100,10,NA,NA,1,NA,NA,2011/8/27 6:16
1,BlueDuiker,GL,PICT0103,10,NA,NA,1,NA,NA,2011/8/27 16:13
1,BlueDuiker,GL,PICT0107,10,NA,NA,0,NA,NA,2011/8/29 14:33
1,BlueDuiker,GL,PICT0111,10,NA,NA,1,NA,NA,2011/8/31 11:05
1,BlueDuiker,GL,PICT0113,10,NA,NA,1,NA,NA,2011/8/31 13:01
1,BlueDuiker,GL,PICT0115,10,NA,NA,0,NA,NA,2011/9/1 8:06
3,BlueDuiker,GL,PICT0049,30,7.4,1,1,4.5,1,2011/7/13 14:40
3,BlueDuiker,GL,PICT0090,10,NA,NA,1,NA,NA,2011/7/29 12:17
3,BlueDuiker,GL,PICT0105,10,NA,NA,1,NA,NA,2011/8/7 14:37
3,BlueDuiker,GL,PICT0115,10,NA,NA,0,NA,NA,2011/8/14 7:05
3,BlueDuiker,GL,PICT0128,10,NA,NA,1,NA,NA,2011/8/18 12:48
3,BlueDuiker,GL,PICT0140,10,NA,NA,1,NA,NA,2011/8/23 12:47
4,BlueDuiker,GL,PICT0044,30,7,1,1,4.4,1,2011/7/14 8:01
4,BlueDuiker,GL,PICT0048,30,5,1,0,NA,NA,2011/7/15 6:44
4,BlueDuiker,GL,PICT0051,30,6.8,1,0,NA,NA,2011/7/18 10:22
4,BlueDuiker,GL,PICT0056,30,5,1,1,2.2,1,2011/7/23 10:49
4,BlueDuiker,GL,PICT0060,30,4.2,1,0,NA,NA,2011/7/24 14:21
4,BlueDuiker,GL,PICT0062,30,2,1,1,1.1,1,2011/7/26 8:29
4,BlueDuiker,GL,PICT0064,10,NA,NA,1,5.4,1,2011/7/27 5:43
4,BlueDuiker,GL,PICT0076,10,NA,NA,0,NA,NA,2011/7/30 16:38
4,BlueDuiker,GL,PICT0080,10,NA,NA,1,5.8,1,2011/8/1 12:36
4,BlueDuiker,GL,PICT0082,10,NA,NA,0,NA,NA,2011/8/2 14:52
4,BlueDuiker,GL,PICT0106,10,NA,NA,0,NA,NA,2011/8/20 15:59
4,BlueDuiker,GL,PICT0113,10,NA,NA,0,NA,NA,2011/8/23 7:25
4,BlueDuiker,GL,PICT0121,10,NA,NA,0,NA,NA,2011/8/27 14:10
5,RedDuiker,GL,PICT0069,10,NA,NA,1,NA,NA,2011/8/11 8:31
5,BlueDuiker,GL,PICT0070,10,NA,NA,1,3,1,2011/8/13 9:38
5,BlueDuiker,GL,PICT0076,10,NA,NA,0,NA,NA,2011/8/20 13:59
5,BlueDuiker,GL,PICT0077,10,NA,NA,0,NA,NA,2011/8/20 16:40
5,BlueDuiker,GL,PICT0081,10,NA,NA,1,NA,NA,2011/8/23 16:21
5,BlueDuiker,GL,PICT0082,10,NA,NA,1,NA,NA,2011/8/25 6:10
5,BlueDuiker,GL,PICT0086,10,NA,NA,0,NA,NA,2011/8/27 14:17
6,BlueDuiker,GL,PICT0080,30,14,1,1,2,1,2011/7/11 15:36
6,BlueDuiker,GL,PICT0103,30,2.1,1,0,NA,NA,2011/7/20 9:37
6,BlueDuiker,GL,PICT0223,10,NA,NA,0,NA,NA,2011/8/18 8:02
6,BlueDuiker,GL,PICT0258,10,NA,NA,1,4.6,1,2011/8/22 13:09
6,RedDuiker,GL,PICT0267,10,NA,NA,0,NA,NA,2011/8/23 14:34
7,BlueDuiker,GL,PICT0022,10,NA,NA,1,NA,NA,2011/7/27 8:30
7,BlueDuiker,GL,PICT0026,10,NA,NA,1,NA,NA,2011/8/5 6:07
7,BlueDuiker,GL,PICT0039,10,NA,NA,0,NA,NA,2011/8/17 5:53
7,RedDuiker,GL,PICT0041,10,NA,NA,0,NA,NA,2011/8/20 16:14
8,BlueDuiker,GL,PICT0031,30,17.6,1,0,NA,NA,2011/7/13 5:12
8,BlueDuiker,GL,PICT0032,30,7.3,1,1,2.1,1,2011/7/14 13:23
8,BlueDuiker,GL,PICT0033,30,7.1,1,1,NA,NA,2011/7/17 6:55
8,BlueDuiker,GL,PICT0034,30,13.1,1,0,NA,NA,2011/7/19 14:20
8,BlueDuiker,GL,PICT0035,30,1.6,1,1,0.2,1,2011/7/22 15:48
8,BlueDuiker,GL,PICT0036,30,3.3,1,1,1,1,2011/7/23 6:43
8,BlueDuiker,GL,PICT0038,30,0.2,1,1,0.1,1,2011/7/25 6:21
8,BlueDuiker,GL,PICT0039,30,0.9,1,0,NA,NA,2011/7/25 14:46
8,BlueDuiker,GL,PICT0041,30,21.5,1,1,12.8,1,2011/7/25 16:21
8,RedDuiker,GL,PICT0046,30,10,1,0,NA,NA,2011/7/27 14:35
8,BlueDuiker,GL,PICT0048,10,NA,NA,1,4.7,1,2011/7/28 7:23
8,BlueDuiker,GL,PICT0053,10,NA,NA,1,2.9,1,2011/7/30 6:25
8,BlueDuiker,GL,PICT0056,10,NA,NA,1,6.1,1,2011/8/3 7:02
8,RedDuiker,GL,PICT0058,10,NA,NA,1,1.6,1,2011/8/4 11:40
8,BlueDuiker,GL,PICT0065,10,NA,NA,0,NA,NA,2011/8/8 14:55
8,RedDuiker,GL,PICT0066,10,NA,NA,0,NA,NA,2011/8/8 20:44
8,BlueDuiker,GL,PICT0071,10,NA,NA,1,0.7,1,2011/8/13 6:05
8,RedDuiker,GL,PICT0075,10,NA,NA,1,2.1,1,2011/8/20 16:23
8,BlueDuiker,GL,PICT0076,10,NA,NA,1,NA,NA,2011/8/22 15:12
9,BlueDuiker,GL,PICT0023,30,7.4,1,1,2.7,1,2011/7/25 16:00
9,BlueDuiker,GL,PICT0024,10,NA,NA,1,NA,NA,2011/7/27 8:33
9,RedDuiker,GL,PICT0028,30,2.8,1,1,0.4,1,2011/7/31 16:44
9,BlueDuiker,GL,PICT0030,10,NA,NA,0,NA,NA,2011/8/3 16:47
9,RedDuiker,GL,PICT0031,10,NA,NA,0,NA,NA,2011/8/4 11:39
9,BlueDuiker,GL,PICT0034,10,NA,NA,1,NA,NA,2011/8/8 13:52
9,RedDuiker,GL,PICT0035,10,NA,NA,1,NA,NA,2011/8/8 20:43
9,BlueDuiker,GL,PICT0040,10,NA,NA,1,NA,NA,2011/8/19 6:03
9,BlueDuiker,GL,PICT0042,10,NA,NA,1,NA,NA,2011/8/24 14:04
9,RedDuiker,GL,PICT0045,10,NA,NA,1,6.9,1,2011/8/27 23:35
10,BlueDuiker,GL,PICT0084,30,22.1,1,1,3.9,1,2011/7/19 17:24
10,BlueDuiker,GL,PICT0085,30,29.1,1,1,NA,NA,2011/7/20 2:33
10,BlueDuiker,GL,PICT0091,30,10.2,1,1,6.3,1,2011/7/22 10:06
10,BlueDuiker,GL,PICT0104,10,NA,NA,1,2.7,1,2011/7/27 8:34
10,BlueDuiker,GL,PICT0128,10,NA,NA,1,2.1,1,2011/7/30 9:46
10,BlueDuiker,GL,PICT0197,10,NA,NA,0,NA,NA,2011/8/24 10:46
11,BlueDuiker,GL,PICT0045,30,23.1,1,0,NA,NA,2011/7/19 14:17
11,BlueDuiker,GL,PICT0082,10,NA,NA,0,NA,NA,2011/8/14 9:44
11,BlueDuiker,GL,PICT0097,10,NA,NA,0,NA,NA,2011/8/24 16:20
11,BlueDuiker,GL,PICT0105,10,NA,NA,0,NA,NA,2011/8/29 12:43
12,BlueDuiker,GL,PICT0023,30,1.6,1,0,NA,NA,2011/7/17 9:16
12,RedDuiker,GL,PICT0028,30,1.1,1,0,NA,NA,2011/7/21 17:22
12,RedDuiker,GL,PICT0048,30,4.3,1,0,NA,NA,2011/7/30 23:49
12,RedDuiker,GL,PICT0075,10,NA,NA,0,NA,NA,2011/8/27 23:25
13,BlueDuiker,GL,PICT0053,10,NA,NA,0,NA,NA,2011/8/3 12:23
13,BlueDuiker,GL,PICT0054,10,NA,NA,1,NA,NA,2011/8/8 7:12
13,BlueDuiker,GL,PICT0065,10,NA,NA,0,NA,NA,2011/8/17 6:18
14,BlueDuiker,GL,PICT0054,10,NA,NA,1,NA,NA,2011/7/28 9:15
14,BlueDuiker,GL,PICT0067,10,NA,NA,0,NA,NA,2011/8/15 13:58
14,RedDuiker,GL,PICT0068,10,NA,NA,1,1.8,1,2011/8/16 17:02
14,BlueDuiker,GL,PICT0071,10,NA,NA,1,NA,NA,2011/8/19 13:09
14,BlueDuiker,GL,PICT0075,10,NA,NA,0,NA,NA,2011/8/23 12:11
14,RedDuiker,GL,PICT0077,10,NA,NA,0,NA,NA,2011/8/26 8:46
14,BlueDuiker,GL,PICT0082,10,NA,NA,1,NA,NA,2011/8/29 11:04
15,BlueDuiker,GL,PICT0037,30,11.9,1,1,3.4,1,2011/7/17 9:16
15,BlueDuiker,GL,PICT0046,10,NA,NA,0,NA,NA,2011/7/27 8:51
15,BlueDuiker,GL,PICT0064,10,NA,NA,0,NA,NA,2011/8/8 15:05
15,BlueDuiker,GL,PICT0068,10,NA,NA,1,10,0,2011/8/17 9:58
16,BlueDuiker,GL,PICT0044,30,18.5,1,1,11.4,1,2011/7/25 13:35
16,BlueDuiker,GL,PICT0048,10,NA,NA,1,NA,NA,2011/7/31 12:28
16,BlueDuiker,GL,PICT0059,10,NA,NA,0,NA,NA,2011/8/9 15:25
16,BlueDuiker,GL,PICT0060,10,NA,NA,1,NA,NA,2011/8/10 11:17
16,BlueDuiker,GL,PICT0066,10,NA,NA,1,NA,NA,2011/8/26 7:41
17,BlueDuiker,GL,PICT0033,30,1.3,1,0,NA,NA,2011/7/15 11:08
17,BlueDuiker,GL,PICT0037,30,1.7,1,1,1.2,1,2011/7/17 8:15
17,BlueDuiker,GL,PICT0041,30,30,0,0,NA,NA,2011/7/22 7:45
17,RedDuiker,GL,PICT0042,30,1.5,1,0,NA,NA,2011/7/24 13:40
17,BlueDuiker,GL,PICT0044,30,30,1,1,11.8,1,2011/7/25 6:19
17,BlueDuiker,GL,PICT0045,30,2.1,1,0,NA,NA,2011/7/26 8:26
17,RedDuiker,GL,PICT0046,30,0.9,1,1,0.5,1,2011/7/27 15:22
17,BlueDuiker,GL,PICT0050,10,NA,NA,1,5.9,1,2011/7/29 11:52
17,BlueDuiker,GL,PICT0051,10,NA,NA,1,2.1,1,2011/7/29 14:04
17,RedDuiker,GL,PICT0054,10,NA,NA,1,NA,NA,2011/8/3 9:16
17,BlueDuiker,GL,PICT0062,10,NA,NA,1,1.1,1,2011/8/8 5:49
17,BlueDuiker,GL,PICT0077,10,NA,NA,1,NA,NA,2011/8/19 7:39
17,RedDuiker,GL,PICT0079,10,NA,NA,1,NA,NA,2011/8/23 14:33
17,BlueDuiker,GL,PICT0085,10,NA,NA,0,NA,NA,2011/8/27 5:55
18,BlueDuiker,GL,PICT0223,10,NA,NA,0,NA,NA,2011/8/18 8:02
18,BlueDuiker,GL,PICT0258,10,NA,NA,1,NA,NA,2011/8/22 13:09
18,RedDuiker,GL,PICT0267,10,NA,NA,0,NA,NA,2011/8/23 14:34
19,BlueDuiker,GL,PICT0103,30,11.7,1,0,NA,NA,2011/7/16 5:33
19,BlueDuiker,GL,PICT0109,30,12.1,1,1,6.6,1,2011/7/20 16:17
19,RedDuiker,GL,PICT0124,10,NA,NA,0,NA,NA,2011/8/3 9:56
19,BlueDuiker,GL,PICT0133,10,NA,NA,0,NA,NA,2011/8/7 16:35
21,BlueDuiker,SW,PICT0157,10,NA,NA,1,NA,NA,2011/8/27 17:53
22,BlueDuiker,SW,PICT0014,30,8,1,1,4.2,1,2011/7/19 18:04
22,BlueDuiker,SW,PICT0032,10,NA,NA,0,NA,NA,2011/8/10 22:53
22,BlueDuiker,SW,PICT0037,10,NA,NA,0,NA,NA,2011/8/11 0:18
22,BlueDuiker,SW,PICT0058,10,NA,NA,1,NA,NA,2011/8/27 18:57
22,BlueDuiker,SW,PICT0059,10,NA,NA,1,NA,NA,2011/8/27 20:58
23,BlueDuiker,SW,PICT0025,30,7.7,1,1,1.8,1,2011/7/14 6:49
23,BlueDuiker,SW,PICT0031,30,4.4,1,0,NA,NA,2011/7/14 18:28
23,BlueDuiker,SW,PICT0044,30,7.8,1,1,1,1,2011/7/15 17:38
23,BlueDuiker,SW,PICT0081,30,4.2,1,1,1.9,1,2011/7/20 6:43
23,BlueDuiker,SW,PICT0083,30,4.1,1,0,NA,NA,2011/7/20 17:38
23,BlueDuiker,SW,PICT0087,30,5.8,1,0,NA,NA,2011/7/21 7:31
23,BlueDuiker,SW,PICT0090,30,10.7,1,1,8.9,1,2011/7/21 18:35
23,BlueDuiker,SW,PICT0098,30,4.3,1,1,2.4,1,2011/7/22 18:27
23,BlueDuiker,SW,PICT0105,30,18,1,0,NA,NA,2011/7/23 17:48
23,BlueDuiker,SW,PICT0119,30,19.4,1,1,8.2,1,2011/7/24 17:52
23,BlueDuiker,SW,PICT0125,30,1.1,1,1,0.1,1,2011/7/25 12:57
23,RedDuiker,SW,PICT0141,30,4.7,1,0,NA,NA,2011/7/26 16:57
23,BlueDuiker,SW,PICT0143,30,6.6,1,0,NA,NA,2011/7/26 18:20
23,BlueDuiker,SW,PICT0150,30,5.7,1,0,NA,NA,2011/7/27 18:22
23,BlueDuiker,SW,PICT0155,10,NA,NA,1,0.7,1,2011/7/28 6:17
23,BlueDuiker,SW,PICT0183,10,NA,NA,0,NA,NA,2011/7/29 18:13
23,BlueDuiker,SW,PICT0200,10,NA,NA,1,5.8,1,2011/7/31 17:44
23,BlueDuiker,SW,PICT0210,10,NA,NA,0,NA,NA,2011/8/1 15:33
23,BlueDuiker,SW,PICT0211,10,NA,NA,0,NA,NA,2011/8/1 17:03
23,BlueDuiker,SW,PICT0214,10,NA,NA,1,8.2,1,2011/8/2 6:27
23,BlueDuiker,SW,PICT0220,10,NA,NA,0,NA,NA,2011/8/2 16:51
23,BlueDuiker,SW,PICT0225,10,NA,NA,0,NA,NA,2011/8/3 6:29
23,BlueDuiker,SW,PICT0235,10,NA,NA,0,NA,NA,2011/8/4 7:01
23,RedDuiker,SW,PICT0242,10,NA,NA,1,4.6,1,2011/8/5 14:58
23,BlueDuiker,SW,PICT0251,10,NA,NA,0,NA,NA,2011/8/5 18:15
23,BlueDuiker,SW,PICT0298,10,NA,NA,1,0.4,1,2011/8/9 17:29
23,BlueDuiker,SW,PICT0305,10,NA,NA,1,4,1,2011/8/10 17:46
23,BlueDuiker,SW,PICT0319,10,NA,NA,1,0.3,1,2011/8/11 21:30
23,RedDuiker,SW,PICT0333,10,NA,NA,1,4.4,1,2011/8/14 9:47
23,BlueDuiker,SW,PICT0336,10,NA,NA,0,NA,NA,2011/8/14 17:47
23,RedDuiker,SW,PICT0356,10,NA,NA,0,NA,NA,2011/8/18 14:43
23,RedDuiker,SW,PICT0365,10,NA,NA,0,NA,NA,2011/8/21 16:57
23,BlueDuiker,SW,PICT0367,10,NA,NA,0,NA,NA,2011/8/22 0:47
23,BlueDuiker,SW,PICT0380,10,NA,NA,1,NA,NA,2011/8/24 17:14
23,RedDuiker,SW,PICT0382,10,NA,NA,1,NA,NA,2011/8/25 11:09
23,BlueDuiker,SW,PICT0391,10,NA,NA,1,NA,NA,2011/8/26 18:09
23,BlueDuiker,SW,PICT0392,10,NA,NA,1,NA,NA,2011/8/27 6:19
23,BlueDuiker,SW,PICT0397,10,NA,NA,0,NA,NA,2011/8/28 17:04
23,BlueDuiker,SW,PICT0407,10,NA,NA,1,NA,NA,2011/8/30 17:00
23,BlueDuiker,SW,PICT0415,10,NA,NA,1,NA,NA,2011/8/31 6:34
24,BlueDuiker,SW,PICT0065,10,NA,NA,1,NA,NA,2011/8/3 13:46
24,BlueDuiker,SW,PICT0074,10,NA,NA,1,NA,NA,2011/8/14 6:49
24,BlueDuiker,SW,PICT0075,10,NA,NA,1,NA,NA,2011/8/14 11:52
24,BlueDuiker,SW,PICT0077,10,NA,NA,1,NA,NA,2011/8/15 11:58
24,BlueDuiker,SW,PICT0078,10,NA,NA,0,NA,NA,2011/8/16 8:12
24,BlueDuiker,SW,PICT0082,10,NA,NA,1,NA,NA,2011/8/18 8:42
24,BlueDuiker,SW,PICT0084,10,NA,NA,1,NA,NA,2011/8/21 7:10
24,BlueDuiker,SW,PICT0087,10,NA,NA,0,NA,NA,2011/8/23 16:07
24,BlueDuiker,SW,PICT0089,10,NA,NA,1,NA,NA,2011/8/24 8:07
24,BlueDuiker,SW,PICT0096,10,NA,NA,0,NA,NA,2011/8/27 13:37
24,BlueDuiker,SW,PICT0097,10,NA,NA,1,NA,NA,2011/8/27 17:05
24,BlueDuiker,SW,PICT0099,10,NA,NA,0,NA,NA,2011/8/28 6:50
24,BlueDuiker,SW,PICT0100,10,NA,NA,1,NA,NA,2011/8/29 6:31
24,BlueDuiker,SW,PICT0101,10,NA,NA,1,NA,NA,2011/8/29 8:28
24,BlueDuiker,SW,PICT0106,10,NA,NA,1,NA,NA,2011/8/30 7:15
24,BlueDuiker,SW,PICT0107,10,NA,NA,1,NA,NA,2011/8/30 12:06
24,BlueDuiker,SW,PICT0108,10,NA,NA,0,NA,NA,2011/8/31 7:58
24,BlueDuiker,SW,PICT0109,10,NA,NA,1,NA,NA,2011/8/31 13:32
25,RedDuiker,SW,PICT0055,30,7,0,0,NA,NA,2011/7/30 12:50
25,BlueDuiker,SW,PICT0058,10,NA,NA,0,NA,NA,2011/8/4 8:17
26,BlueDuiker,SW,PICT0017,30,5.6,1,1,1.4,1,2011/7/13 9:14
26,BlueDuiker,SW,PICT0027,30,5.7,1,0,NA,NA,2011/7/16 11:20
26,BlueDuiker,SW,PICT0036,30,4.9,1,0,NA,NA,2011/7/17 9:23
26,RedDuiker,SW,PICT0039,30,23.3,1,0,NA,NA,2011/7/19 15:16
26,BlueDuiker,SW,PICT0041,30,1.8,1,1,1.1,1,2011/7/20 9:49
26,BlueDuiker,SW,PICT0047,30,0.5,1,0,NA,NA,2011/7/22 12:22
26,BlueDuiker,SW,PICT0049,30,0.9,1,0,NA,NA,2011/7/25 13:47
26,BlueDuiker,SW,PICT0059,10,NA,NA,0,NA,NA,2011/7/30 8:17
26,BlueDuiker,SW,PICT0062,10,NA,NA,1,1.4,1,2011/8/1 7:44
26,BlueDuiker,SW,PICT0064,10,NA,NA,0,NA,NA,2011/8/2 7:57
26,BlueDuiker,SW,PICT0068,10,NA,NA,1,9.1,1,2011/8/5 16:38
26,BlueDuiker,SW,PICT0071,10,NA,NA,0,NA,NA,2011/8/6 10:07
26,RedDuiker,SW,PICT0074,10,NA,NA,1,0.7,1,2011/8/6 21:10
26,BlueDuiker,SW,PICT0076,10,NA,NA,1,3,1,2011/8/7 11:01
26,BlueDuiker,SW,PICT0078,10,NA,NA,1,0.4,1,2011/8/10 8:33
26,BlueDuiker,SW,PICT0084,10,NA,NA,0,NA,NA,2011/8/13 18:06
26,BlueDuiker,SW,PICT0086,10,NA,NA,0,NA,NA,2011/8/14 12:18
26,BlueDuiker,SW,PICT0089,10,NA,NA,1,NA,NA,2011/8/15 8:33
26,BlueDuiker,SW,PICT0099,10,NA,NA,0,NA,NA,2011/8/16 17:54
26,BlueDuiker,SW,PICT0101,10,NA,NA,1,NA,NA,2011/8/18 16:41
26,BlueDuiker,SW,PICT0105,10,NA,NA,0,NA,NA,2011/8/22 7:09
26,BlueDuiker,SW,PICT0111,10,NA,NA,0,NA,NA,2011/8/23 7:34
26,BlueDuiker,SW,PICT0116,10,NA,NA,1,NA,NA,2011/8/24 12:58
26,BlueDuiker,SW,PICT0120,10,NA,NA,1,NA,NA,2011/8/25 16:59
26,BlueDuiker,SW,PICT0121,10,NA,NA,0,NA,NA,2011/8/26 12:13
26,BlueDuiker,SW,PICT0123,10,NA,NA,1,NA,NA,2011/8/27 7:36
26,BlueDuiker,SW,PICT0127,10,NA,NA,0,NA,NA,2011/8/28 7:26
26,BlueDuiker,SW,PICT0129,10,NA,NA,1,NA,NA,2011/8/29 7:12
26,BlueDuiker,SW,PICT0133,10,NA,NA,1,NA,NA,2011/8/31 7:03
26,BlueDuiker,SW,PICT0134,10,NA,NA,1,NA,NA,2011/8/31 15:45
31,BlueDuiker,SW,PICT0127,10,NA,NA,1,NA,NA,2011/8/14 15:42
32,BlueDuiker,SW,PICT0055,30,13.7,1,1,6.8,1,2011/7/18 18:20
32,BlueDuiker,SW,PICT0060,30,19.7,1,0,NA,NA,2011/7/25 18:33
32,BlueDuiker,SW,PICT0064,10,NA,NA,0,NA,NA,2011/8/2 16:24
32,BlueDuiker,SW,PICT0066,10,NA,NA,1,2,1,2011/8/3 18:38
32,BlueDuiker,SW,PICT0084,10,NA,NA,1,NA,NA,2011/8/24 6:25
32,BlueDuiker,SW,PICT0085,10,NA,NA,1,NA,NA,2011/8/25 18:25
33,BlueDuiker,SW,PICT0075,10,NA,NA,0,NA,NA,2011/8/19 17:34
35,BlueDuiker,SW,PICT0069,30,6.4,1,1,5.2,1,2011/7/13 16:00
35,RedDuiker,SW,PICT0074,30,21.3,1,1,0.1,1,2011/7/17 1:10
35,BlueDuiker,SW,PICT0086,30,6.6,1,0,NA,NA,2011/7/22 6:33
35,BlueDuiker,SW,PICT0087,30,2.6,1,0,NA,NA,2011/7/22 7:47
35,RedDuiker,SW,PICT0104,10,NA,NA,0,NA,NA,2011/8/4 16:26
35,BlueDuiker,SW,PICT0107,10,NA,NA,1,0.6,1,2011/8/7 15:42
35,BlueDuiker,SW,PICT0114,10,NA,NA,1,2.9,1,2011/8/12 6:24
35,RedDuiker,SW,PICT0210,10,NA,NA,1,NA,NA,2011/8/19 14:05
36,BlueDuiker,SW,PICT0050,30,2.4,1,0,NA,NA,2011/7/18 7:41
36,BlueDuiker,SW,PICT0065,10,NA,NA,1,1.4,1,2011/7/29 17:56
36,BlueDuiker,SW,PICT0077,10,NA,NA,0,NA,NA,2011/8/2 17:30
36,BlueDuiker,SW,PICT0083,10,NA,NA,1,NA,NA,2011/8/5 11:44
36,BlueDuiker,SW,PICT0088,10,NA,NA,1,NA,NA,2011/8/8 16:12
36,BlueDuiker,SW,PICT0089,10,NA,NA,0,NA,NA,2011/8/9 7:28
36,BlueDuiker,SW,PICT0114,10,NA,NA,0,NA,NA,2011/8/22 15:31
36,RedDuiker,SW,PICT0122,10,NA,NA,1,NA,NA,2011/8/25 10:47
36,RedDuiker,SW,PICT0128,10,NA,NA,0,NA,NA,2011/8/27 17:48
38,BlueDuiker,SW,PICT0063,30,10.7,1,1,6.7,1,2011/7/16 7:09
38,BlueDuiker,SW,PICT0065,30,5.8,1,0,NA,NA,2011/7/17 8:08
38,BlueDuiker,SW,PICT0077,10,NA,NA,1,4.6,1,2011/8/2 8:28
38,BlueDuiker,SW,PICT0078,10,NA,NA,0,NA,NA,2011/8/6 11:25
38,BlueDuiker,SW,PICT0080,10,NA,NA,1,NA,NA,2011/8/7 7:16
38,RedDuiker,SW,PICT0086,10,NA,NA,0,NA,NA,2011/8/14 12:49
38,BlueDuiker,SW,PICT0097,10,NA,NA,0,NA,NA,2011/8/19 7:16
38,BlueDuiker,SW,PICT0098,10,NA,NA,1,NA,NA,2011/8/20 7:21
38,BlueDuiker,SW,PICT0102,10,NA,NA,1,NA,NA,2011/8/23 7:04
38,BlueDuiker,SW,PICT0106,10,NA,NA,1,NA,NA,2011/8/26 8:24
38,BlueDuiker,SW,PICT0108,10,NA,NA,0,NA,NA,2011/8/28 6:57
39,BlueDuiker,SW,PICT0037,30,3.1,1,1,3,1,2011/7/18 16:27
39,RedDuiker,SW,PICT0038,30,7.8,1,0,NA,NA,2011/7/23 17:57
39,RedDuiker,SW,PICT0050,30,10,1,1,8.9,1,2011/7/29 8:37
39,BlueDuiker,SW,PICT0052,10,NA,NA,1,1.9,1,2011/7/29 17:51
39,BlueDuiker,SW,PICT0053,10,NA,NA,1,2,1,2011/7/30 9:28
39,RedDuiker,SW,PICT0055,30,4.1,0,0,NA,NA,2011/7/30 17:39
39,BlueDuiker,SW,PICT0058,10,NA,NA,0,NA,NA,2011/8/1 10:56
39,RedDuiker,SW,PICT0060,10,NA,NA,0,NA,NA,2011/8/2 9:03
39,BlueDuiker,SW,PICT0062,10,NA,NA,0,NA,NA,2011/8/2 12:01
39,BlueDuiker,SW,PICT0066,10,NA,NA,1,NA,NA,2011/8/3 8:12
39,RedDuiker,SW,PICT0075,10,NA,NA,0,NA,NA,2011/8/26 8:51
39,RedDuiker,SW,PICT0078,10,NA,NA,1,NA,NA,2011/8/28 8:40
39,RedDuiker,SW,PICT0082,10,NA,NA,1,NA,NA,2011/8/30 9:52
39,BlueDuiker,SW,PICT0083,10,NA,NA,1,NA,NA,2011/8/30 13:46
39,RedDuiker,SW,PICT0084,10,NA,NA,1,NA,NA,2011/8/31 12:07
40,BlueDuiker,SW,PICT0030,30,8.3,1,0,NA,NA,2011/7/21 18:00
40,BlueDuiker,SW,PICT0032,30,1.4,1,0,NA,NA,2011/7/23 15:30
40,BlueDuiker,SW,PICT0036,30,3.9,1,1,2.1,1,2011/7/25 10:05
40,RedDuiker,SW,PICT0044,10,NA,NA,1,7.4,1,2011/8/5 13:02
40,RedDuiker,SW,PICT0054,10,NA,NA,0,NA,NA,2011/8/26 8:07
40,BlueDuiker,SW,PICT0058,10,NA,NA,0,NA,NA,2011/8/28 16:57
41,BlueDuiker,OS,PICT0009,30,6.7,1,1,1.3,1,2011/7/15 8:12
41,RedDuiker,OS,PICT0009,30,11,1,0,NA,NA,2011/7/15 8:12
41,RedDuiker,OS,PICT0014,30,9,1,1,3.3,1,2011/7/17 9:34
41,BlueDuiker,OS,PICT0015,30,4.3,0,0,NA,NA,2011/7/17 13:59
41,BlueDuiker,OS,PICT0024,30,12,1,0,NA,NA,2011/7/20 14:35
41,RedDuiker,OS,PICT0034,30,0.6,1,1,0.6,1,2011/7/22 14:08
41,RedDuiker,OS,PICT0043,30,4.8,1,0,NA,NA,2011/7/23 6:42
41,BlueDuiker,OS,PICT0038,30,6.4,1,0,NA,NA,2011/7/23 11:27
41,RedDuiker,OS,PICT0039,30,7.2,0,1,5.3,1,2011/7/23 16:08
41,RedDuiker,OS,PICT0035,30,0.9,1,0,NA,NA,2011/7/23 16:37
41,BlueDuiker,OS,PICT0044,10,NA,NA,1,1.8,1,2011/7/27 9:58
41,RedDuiker,OS,PICT0053,10,NA,NA,0,NA,NA,2011/7/28 16:46
41,RedDuiker,OS,PICT0049,10,NA,NA,1,0.7,1,2011/7/28 17:09
41,RedDuiker,OS,PICT0050,10,NA,NA,1,1.9,1,2011/7/28 17:45
41,RedDuiker,OS,PICT0057,10,NA,NA,1,10,0,2011/7/31 16:01
41,BlueDuiker,OS,PICT0065,10,NA,NA,0,NA,NA,2011/8/2 7:09
41,BlueDuiker,OS,PICT0066,10,NA,NA,0,NA,NA,2011/8/3 10:20
41,BlueDuiker,OS,PICT0078,10,NA,NA,0,NA,NA,2011/8/6 7:02
41,RedDuiker,OS,PICT0079,10,NA,NA,0,NA,NA,2011/8/6 7:43
41,RedDuiker,OS,PICT0084,10,NA,NA,1,NA,NA,2011/8/7 10:55
41,BlueDuiker,OS,PICT0089,10,NA,NA,1,0.1,1,2011/8/9 10:01
41,RedDuiker,OS,PICT0091,10,NA,NA,1,NA,NA,2011/8/9 11:25
41,BlueDuiker,OS,PICT0096,10,NA,NA,0,NA,NA,2011/8/11 7:28
41,RedDuiker,OS,PICT0101,10,NA,NA,1,NA,NA,2011/8/13 1:42
41,RedDuiker,OS,PICT0103,10,NA,NA,1,NA,NA,2011/8/13 9:42
41,BlueDuiker,OS,PICT0108,10,NA,NA,0,NA,NA,2011/8/14 7:44
41,RedDuiker,OS,PICT0115,10,NA,NA,0,NA,NA,2011/8/15 19:35
41,BlueDuiker,OS,PICT0127,10,NA,NA,0,NA,NA,2011/8/19 8:31
41,RedDuiker,OS,PICT0135,10,NA,NA,1,NA,NA,2011/8/20 13:54
41,RedDuiker,OS,PICT0136,10,NA,NA,1,NA,NA,2011/8/20 13:57
41,BlueDuiker,OS,PICT0142,10,NA,NA,0,NA,NA,2011/8/21 16:33
41,BlueDuiker,OS,PICT0156,10,NA,NA,1,9.5,1,2011/8/23 9:45
41,BlueDuiker,OS,PICT0160,10,NA,NA,1,1.2,1,2011/8/24 12:51
41,BlueDuiker,OS,PICT0166,10,NA,NA,0,NA,NA,2011/8/25 11:04
41,BlueDuiker,OS,PICT0171,10,NA,NA,0,NA,NA,2011/8/26 8:40
41,BlueDuiker,OS,PICT0174,10,NA,NA,1,NA,NA,2011/8/27 10:41
41,BlueDuiker,OS,PICT0175,10,NA,NA,1,NA,NA,2011/8/28 7:00
41,BlueDuiker,OS,PICT0178,10,NA,NA,0,NA,NA,2011/8/28 15:52
41,RedDuiker,OS,PICT0188,10,NA,NA,1,NA,NA,2011/8/30 14:37
41,BlueDuiker,OS,PICT0194,10,NA,NA,0,NA,NA,2011/9/1 7:59
43,BlueDuiker,OS,PICT0043,30,2,1,0,NA,NA,2011/7/14 9:07
43,BlueDuiker,OS,PICT0044,30,3.8,1,0,NA,NA,2011/7/15 10:49
43,RedDuiker,OS,PICT0084,30,0.8,1,1,0.7,1,2011/7/24 9:18
43,BlueDuiker,OS,PICT0057,10,NA,NA,0,NA,NA,2011/7/27 15:04
43,BlueDuiker,OS,PICT0061,10,NA,NA,1,3.7,1,2011/7/29 14:04
43,BlueDuiker,OS,PICT0063,10,NA,NA,1,0.6,1,2011/7/29 15:51
43,BlueDuiker,OS,PICT0065,10,NA,NA,1,0.9,1,2011/7/30 15:27
43,BlueDuiker,OS,PICT0070,10,NA,NA,0,NA,NA,2011/8/2 9:41
43,BlueDuiker,OS,PICT0073,10,NA,NA,0,NA,NA,2011/8/3 17:21
43,BlueDuiker,OS,PICT0083,10,NA,NA,1,NA,NA,2011/8/7 13:15
43,RedDuiker,OS,PICT0084,10,NA,NA,0,NA,NA,2011/8/7 16:47
43,BlueDuiker,OS,PICT0086,10,NA,NA,1,NA,NA,2011/8/9 6:54
43,BlueDuiker,OS,PICT0095,10,NA,NA,1,NA,NA,2011/8/14 11:22
43,RedDuiker,OS,PICT0096,10,NA,NA,0,NA,NA,2011/8/14 14:15
43,BlueDuiker,OS,PICT0097,10,NA,NA,0,NA,NA,2011/8/15 16:59
43,RedDuiker,OS,PICT0102,10,NA,NA,1,NA,NA,2011/8/20 9:44
43,BlueDuiker,OS,PICT0103,10,NA,NA,0,NA,NA,2011/8/20 11:00
43,BlueDuiker,OS,PICT0107,10,NA,NA,1,NA,NA,2011/8/23 6:56
43,BlueDuiker,OS,PICT0108,10,NA,NA,0,NA,NA,2011/8/24 13:34
43,BlueDuiker,OS,PICT0109,10,NA,NA,0,NA,NA,2011/8/24 17:10
43,BlueDuiker,OS,PICT0110,10,NA,NA,0,NA,NA,2011/8/25 8:58
43,BlueDuiker,OS,PICT0112,10,NA,NA,1,NA,NA,2011/8/29 6:54
43,BlueDuiker,OS,PICT0114,10,NA,NA,1,NA,NA,2011/8/31 7:03
44,BlueDuiker,OS,PICT0084,30,4.6,1,0,NA,NA,2011/7/15 16:18
44,RedDuiker,OS,PICT0091,30,13.6,1,1,8.5,1,2011/7/19 7:57
44,BlueDuiker,OS,PICT0099,30,6.5,1,1,6,1,2011/7/23 18:27
44,RedDuiker,OS,PICT0122,10,NA,NA,0,NA,NA,2011/8/1 12:33
44,RedDuiker,OS,PICT0127,10,NA,NA,0,NA,NA,2011/8/3 10:26
44,BlueDuiker,OS,PICT0153,10,NA,NA,0,NA,NA,2011/8/9 18:29
46,BlueDuiker,OS,PICT0071,30,4.7,1,0,NA,NA,2011/7/21 16:31
46,BlueDuiker,OS,PICT0072,30,2.7,1,0,NA,NA,2011/7/23 17:39
46,RedDuiker,OS,PICT0074,10,NA,NA,0,NA,NA,2011/7/25 13:29
46,RedDuiker,OS,PICT0081,10,NA,NA,1,NA,NA,2011/8/1 12:23
46,BlueDuiker,OS,PICT0084,10,NA,NA,1,0.1,1,2011/8/4 17:34
46,BlueDuiker,OS,PICT0100,10,NA,NA,0,NA,NA,2011/8/5 10:41
46,RedDuiker,OS,PICT0134,10,NA,NA,1,NA,NA,2011/8/10 14:12
46,RedDuiker,OS,PICT0145,10,NA,NA,1,NA,NA,2011/8/19 7:51
46,RedDuiker,OS,PICT0152,10,NA,NA,0,NA,NA,2011/8/25 12:27
46,BlueDuiker,OS,PICT0144,10,NA,NA,1,9.7,1,2011/8/27 13:31
47,BlueDuiker,OS,PICT0110,30,13,1,0,NA,NA,2011/7/13 17:31
47,BlueDuiker,OS,PICT0115,30,5.2,1,1,2.6,1,2011/7/15 6:53
47,RedDuiker,OS,PICT0116,30,1.8,1,0,NA,NA,2011/7/15 7:01
47,BlueDuiker,OS,PICT0122,30,2.2,1,1,1.3,1,2011/7/16 14:17
47,BlueDuiker,OS,PICT0128,30,2.6,1,1,1.5,1,2011/7/18 7:34
47,BlueDuiker,OS,PICT0136,30,12.3,1,0,NA,NA,2011/7/20 11:45
47,BlueDuiker,OS,PICT0137,30,0.1,1,1,0.1,1,2011/7/20 17:30
47,BlueDuiker,OS,PICT0139,30,7.7,1,0,NA,NA,2011/7/21 18:05
47,RedDuiker,OS,PICT0147,30,10.4,1,0,NA,NA,2011/7/23 8:26
47,BlueDuiker,OS,PICT0151,30,2.1,1,1,1.3,1,2011/7/24 9:45
47,BlueDuiker,OS,PICT0153,30,4.5,1,0,NA,NA,2011/7/24 16:33
47,BlueDuiker,OS,PICT0157,10,NA,NA,0,NA,NA,2011/7/25 12:02
47,BlueDuiker,OS,PICT0159,10,NA,NA,1,1.5,1,2011/7/25 16:11
47,RedDuiker,OS,PICT0165,10,NA,NA,1,3.6,1,2011/7/28 7:18
47,RedDuiker,OS,PICT0167,10,NA,NA,0,NA,NA,2011/7/28 16:07
47,BlueDuiker,OS,PICT0168,10,NA,NA,1,0.4,1,2011/7/28 16:11
47,BlueDuiker,OS,PICT0181,10,NA,NA,1,1.4,1,2011/7/30 16:55
47,BlueDuiker,OS,PICT0183,10,NA,NA,1,2.1,1,2011/7/31 10:47
47,BlueDuiker,OS,PICT0189,10,NA,NA,0,NA,NA,2011/8/1 15:37
47,BlueDuiker,OS,PICT0190,10,NA,NA,0,NA,NA,2011/8/2 7:25
47,BlueDuiker,OS,PICT0192,10,NA,NA,0,NA,NA,2011/8/2 15:29
47,BlueDuiker,OS,PICT0203,10,NA,NA,0,NA,NA,2011/8/5 9:28
47,BlueDuiker,OS,PICT0209,10,NA,NA,0,NA,NA,2011/8/6 12:31
47,RedDuiker,OS,PICT0212,10,NA,NA,1,1.1,1,2011/8/7 14:03
47,BlueDuiker,OS,PICT0213,10,NA,NA,0,NA,NA,2011/8/7 14:55
47,RedDuiker,OS,PICT0210,10,NA,NA,1,NA,NA,2011/8/7 19:20
47,BlueDuiker,OS,PICT0221,10,NA,NA,0,NA,NA,2011/8/8 7:05
47,BlueDuiker,OS,PICT0227,10,NA,NA,0,NA,NA,2011/8/10 12:28
47,RedDuiker,OS,PICT0228,10,NA,NA,1,NA,NA,2011/8/10 18:04
47,RedDuiker,OS,PICT0230,10,NA,NA,1,NA,NA,2011/8/11 15:54
47,BlueDuiker,OS,PICT0233,10,NA,NA,0,NA,NA,2011/8/12 9:42
47,RedDuiker,OS,PICT0240,10,NA,NA,1,NA,NA,2011/8/13 12:25
47,BlueDuiker,OS,PICT0251,10,NA,NA,1,6.1,1,2011/8/14 17:24
47,RedDuiker,OS,PICT0256,10,NA,NA,1,NA,NA,2011/8/15 16:54
47,BlueDuiker,OS,PICT0257,10,NA,NA,1,NA,NA,2011/8/15 18:07
47,BlueDuiker,OS,PICT0260,10,NA,NA,0,NA,NA,2011/8/16 14:58
47,BlueDuiker,OS,PICT0262,10,NA,NA,0,NA,NA,2011/8/17 14:57
47,RedDuiker,OS,PICT0263,10,NA,NA,1,NA,NA,2011/8/17 15:05
47,BlueDuiker,OS,PICT0266,10,NA,NA,1,NA,NA,2011/8/18 16:44
47,RedDuiker,OS,PICT0267,10,NA,NA,1,NA,NA,2011/8/19 8:07
47,BlueDuiker,OS,PICT0268,10,NA,NA,0,NA,NA,2011/8/19 15:55
47,BlueDuiker,OS,PICT0274,10,NA,NA,0,NA,NA,2011/8/20 17:12
47,BlueDuiker,OS,PICT0280,10,NA,NA,1,NA,NA,2011/8/22 13:35
47,BlueDuiker,OS,PICT0283,10,NA,NA,1,NA,NA,2011/8/23 8:43
47,BlueDuiker,OS,PICT0284,10,NA,NA,0,NA,NA,2011/8/24 7:37
47,BlueDuiker,OS,PICT0286,10,NA,NA,0,NA,NA,2011/8/24 13:19
47,BlueDuiker,OS,PICT0289,10,NA,NA,0,NA,NA,2011/8/25 8:27
47,RedDuiker,OS,PICT0294,10,NA,NA,1,NA,NA,2011/8/26 7:02
47,BlueDuiker,OS,PICT0301,10,NA,NA,0,NA,NA,2011/8/28 12:05
47,BlueDuiker,OS,PICT0302,10,NA,NA,0,NA,NA,2011/8/28 17:25
47,BlueDuiker,OS,PICT0307,10,NA,NA,0,NA,NA,2011/8/29 10:53
48,RedDuiker,OS,PICT0049,30,2.1,1,0,NA,NA,2011/7/15 6:58
48,BlueDuiker,OS,PICT0055,30,1.2,1,1,1,1,2011/7/18 15:42
48,RedDuiker,OS,PICT0057,30,4.6,1,0,NA,NA,2011/7/20 15:01
48,RedDuiker,OS,PICT0069,10,NA,NA,1,0.2,1,2011/7/27 16:27
48,RedDuiker,OS,PICT0074,10,NA,NA,1,0.3,1,2011/7/28 9:17
48,BlueDuiker,OS,PICT0075,10,NA,NA,0,NA,NA,2011/7/28 15:26
48,BlueDuiker,OS,PICT0076,10,NA,NA,0,NA,NA,2011/7/28 17:33
48,BlueDuiker,OS,PICT0077,10,NA,NA,1,2.3,1,2011/7/29 17:56
48,BlueDuiker,OS,PICT0083,10,NA,NA,1,NA,NA,2011/7/31 7:06
48,BlueDuiker,OS,PICT0086,10,NA,NA,1,NA,NA,2011/8/2 7:20
48,RedDuiker,OS,PICT0090,10,NA,NA,0,NA,NA,2011/8/4 14:50
48,BlueDuiker,OS,PICT0095,10,NA,NA,0,NA,NA,2011/8/5 14:44
48,RedDuiker,OS,PICT0105,10,NA,NA,1,NA,NA,2011/8/12 13:14
49,BlueDuiker,OS,PICT0068,30,10.1,1,0,NA,NA,2011/7/13 8:12
49,RedDuiker,OS,PICT0071,30,11.6,1,1,4.9,1,2011/7/13 9:19
49,BlueDuiker,OS,PICT0078,30,4.8,1,0,NA,NA,2011/7/14 6:53
49,BlueDuiker,OS,PICT0080,30,6.1,1,0,NA,NA,2011/7/14 10:05
49,BlueDuiker,OS,PICT0083,30,1.2,1,0,NA,NA,2011/7/14 14:03
49,BlueDuiker,OS,PICT0090,30,6,1,1,3.1,1,2011/7/15 10:33
49,RedDuiker,OS,PICT0096,30,9,1,1,5.7,1,2011/7/16 11:05
49,RedDuiker,OS,PICT0097,30,11.3,1,0,NA,NA,2011/7/17 7:08
49,BlueDuiker,OS,PICT0102,30,4,1,1,2.8,1,2011/7/19 6:57
49,BlueDuiker,OS,PICT0105,30,21,1,1,5,1,2011/7/19 12:11
49,BlueDuiker,OS,PICT0115,30,4.3,1,0,NA,NA,2011/7/24 12:45
49,RedDuiker,OS,PICT0123,10,NA,NA,0,NA,NA,2011/7/28 8:25
49,RedDuiker,OS,PICT0127,10,NA,NA,0,NA,NA,2011/7/30 12:30
49,RedDuiker,OS,PICT0131,10,NA,NA,0,NA,NA,2011/7/31 9:38
49,RedDuiker,OS,PICT0144,10,NA,NA,0,NA,NA,2011/8/5 11:37
49,RedDuiker,OS,PICT0167,10,NA,NA,0,NA,NA,2011/8/28 7:44
50,BlueDuiker,OS,PICT0057,30,6.8,1,0,NA,NA,2011/7/14 8:00
50,RedDuiker,OS,PICT0058,30,8,1,1,3.6,1,2011/7/14 14:47
50,BlueDuiker,OS,PICT0060,30,3.8,1,0,NA,NA,2011/7/15 8:33
50,RedDuiker,OS,PICT0061,30,4.7,1,1,2.3,1,2011/7/15 12:04
50,RedDuiker,OS,PICT0062,30,0.6,1,1,0.4,1,2011/7/16 7:54
50,BlueDuiker,OS,PICT0064,30,6.1,1,0,NA,NA,2011/7/17 6:45
50,RedDuiker,OS,PICT0066,30,2.8,1,0,NA,NA,2011/7/17 8:40
50,RedDuiker,OS,PICT0073,30,6.6,1,0,NA,NA,2011/7/19 12:35
50,BlueDuiker,OS,PICT0077,30,10.1,1,0,NA,NA,2011/7/20 14:09
50,BlueDuiker,OS,PICT0079,30,5.9,1,0,NA,NA,2011/7/20 15:37
50,BlueDuiker,OS,PICT0088,30,6,1,0,NA,NA,2011/7/22 8:47
50,RedDuiker,OS,PICT0097,30,2.3,1,1,0.9,1,2011/7/24 10:34
50,BlueDuiker,OS,PICT0098,30,6.1,1,0,NA,NA,2011/7/24 12:24
50,BlueDuiker,OS,PICT0108,10,NA,NA,0,NA,NA,2011/7/26 8:13
50,BlueDuiker,OS,PICT0109,10,NA,NA,1,1.1,1,2011/7/26 14:50
50,RedDuiker,OS,PICT0116,10,NA,NA,0,NA,NA,2011/7/27 12:27
50,RedDuiker,OS,PICT0117,10,NA,NA,0,NA,NA,2011/7/27 16:51
50,RedDuiker,OS,PICT0118,10,NA,NA,1,2.1,1,2011/7/27 17:09
50,BlueDuiker,OS,PICT0122,10,NA,NA,0,NA,NA,2011/7/29 10:32
50,RedDuiker,OS,PICT0123,10,NA,NA,0,NA,NA,2011/7/29 10:53
50,BlueDuiker,OS,PICT0134,10,NA,NA,0,NA,NA,2011/7/30 15:28
50,RedDuiker,OS,PICT0142,10,NA,NA,0,NA,NA,2011/7/31 7:53
50,BlueDuiker,OS,PICT0143,10,NA,NA,1,2.6,1,2011/7/31 8:49
50,RedDuiker,OS,PICT0151,10,NA,NA,0,NA,NA,2011/8/1 10:02
50,RedDuiker,OS,PICT0153,10,NA,NA,0,NA,NA,2011/8/1 16:01
50,RedDuiker,OS,PICT0157,10,NA,NA,0,NA,NA,2011/8/2 7:11
50,BlueDuiker,OS,PICT0158,10,NA,NA,0,NA,NA,2011/8/2 8:00
50,RedDuiker,OS,PICT0159,10,NA,NA,0,NA,NA,2011/8/2 8:15
50,BlueDuiker,OS,PICT0160,10,NA,NA,1,1.5,1,2011/8/2 9:51
50,RedDuiker,OS,PICT0180,10,NA,NA,0,NA,NA,2011/8/4 7:53
50,RedDuiker,OS,PICT0182,10,NA,NA,0,NA,NA,2011/8/4 14:02
50,BlueDuiker,OS,PICT0184,10,NA,NA,0,NA,NA,2011/8/5 7:37
50,RedDuiker,OS,PICT0186,10,NA,NA,0,NA,NA,2011/8/5 7:45
50,RedDuiker,OS,PICT0189,10,NA,NA,1,4.3,1,2011/8/5 11:09
50,BlueDuiker,OS,PICT0196,10,NA,NA,1,0.7,1,2011/8/6 14:31
50,RedDuiker,OS,PICT0204,10,NA,NA,1,NA,NA,2011/8/7 9:27
50,BlueDuiker,OS,PICT0205,10,NA,NA,1,4.3,1,2011/8/7 12:32
50,BlueDuiker,OS,PICT0214,10,NA,NA,1,0.2,1,2011/8/9 8:16
50,BlueDuiker,OS,PICT0222,10,NA,NA,1,0.9,1,2011/8/11 7:14
50,RedDuiker,OS,PICT0223,10,NA,NA,0,NA,NA,2011/8/11 10:20
50,BlueDuiker,OS,PICT0225,10,NA,NA,0,NA,NA,2011/8/11 16:44
50,RedDuiker,OS,PICT0231,10,NA,NA,1,NA,NA,2011/8/12 13:09
50,RedDuiker,OS,PICT0235,10,NA,NA,1,NA,NA,2011/8/13 7:31
50,BlueDuiker,OS,PICT0237,10,NA,NA,0,NA,NA,2011/8/14 6:09
50,BlueDuiker,OS,PICT0249,10,NA,NA,0,NA,NA,2011/8/15 16:51
50,RedDuiker,OS,PICT0251,10,NA,NA,0,NA,NA,2011/8/16 8:13
50,BlueDuiker,OS,PICT0254,10,NA,NA,1,NA,NA,2011/8/17 7:39
50,BlueDuiker,OS,PICT0263,10,NA,NA,0,NA,NA,2011/8/19 6:44
50,BlueDuiker,OS,PICT0265,10,NA,NA,1,NA,NA,2011/8/19 8:05
50,BlueDuiker,OS,PICT0271,10,NA,NA,0,NA,NA,2011/8/20 11:01
50,BlueDuiker,OS,PICT0279,10,NA,NA,1,NA,NA,2011/8/22 10:47
50,RedDuiker,OS,PICT0281,10,NA,NA,1,NA,NA,2011/8/22 15:03
50,RedDuiker,OS,PICT0290,10,NA,NA,1,NA,NA,2011/8/24 6:56
50,BlueDuiker,OS,PICT0291,10,NA,NA,0,NA,NA,2011/8/24 8:14
50,BlueDuiker,OS,PICT0292,10,NA,NA,0,NA,NA,2011/8/24 10:47
50,BlueDuiker,OS,PICT0297,10,NA,NA,0,NA,NA,2011/8/26 7:21
50,BlueDuiker,OS,PICT0300,10,NA,NA,1,NA,NA,2011/8/27 7:50
50,RedDuiker,OS,PICT0301,10,NA,NA,1,NA,NA,2011/8/27 13:40
50,BlueDuiker,OS,PICT0305,10,NA,NA,1,NA,NA,2011/8/28 15:01
50,RedDuiker,OS,PICT0307,10,NA,NA,1,NA,NA,2011/8/29 7:17
50,BlueDuiker,OS,PICT0308,10,NA,NA,0,NA,NA,2011/8/29 11:55
50,BlueDuiker,OS,PICT0313,10,NA,NA,1,NA,NA,2011/8/30 11:41
50,RedDuiker,OS,PICT0314,10,NA,NA,1,NA,NA,2011/8/30 15:03
50,BlueDuiker,OS,PICT0315,10,NA,NA,0,NA,NA,2011/8/30 15:43
50,RedDuiker,OS,PICT0317,10,NA,NA,1,NA,NA,2011/8/31 7:00
50,BlueDuiker,OS,PICT0318,10,NA,NA,0,NA,NA,2011/8/31 8:14
52,BlueDuiker,OS,PICT0047,30,5.9,1,1,3.8,1,2011/7/14 7:28
52,RedDuiker,OS,PICT0064,30,13,1,1,11.1,1,2011/7/20 14:54
52,RedDuiker,OS,PICT0068,30,7.2,1,0,NA,NA,2011/7/22 16:35
52,RedDuiker,OS,PICT0073,30,4.2,1,1,3,1,2011/7/23 6:08
52,RedDuiker,OS,PICT0079,10,NA,NA,0,NA,NA,2011/7/27 15:06
52,RedDuiker,OS,PICT0083,10,NA,NA,1,0.6,1,2011/7/28 14:24
52,RedDuiker,OS,PICT0085,10,NA,NA,0,NA,NA,2011/7/30 17:23
52,BlueDuiker,OS,PICT0096,10,NA,NA,1,NA,NA,2011/8/2 8:10
52,RedDuiker,OS,PICT0100,10,NA,NA,0,NA,NA,2011/8/5 10:21
52,BlueDuiker,OS,PICT0103,10,NA,NA,0,NA,NA,2011/8/6 6:41
52,BlueDuiker,OS,PICT0104,10,NA,NA,1,NA,NA,2011/8/6 10:38
52,BlueDuiker,OS,PICT0120,10,NA,NA,0,NA,NA,2011/8/17 10:56
52,RedDuiker,OS,PICT0121,10,NA,NA,1,NA,NA,2011/8/17 14:23
52,BlueDuiker,OS,PICT0125,10,NA,NA,0,NA,NA,2011/8/20 6:32
52,RedDuiker,OS,PICT0126,10,NA,NA,1,NA,NA,2011/8/20 13:52
52,BlueDuiker,OS,PICT0127,10,NA,NA,0,NA,NA,2011/8/22 7:31
52,RedDuiker,OS,PICT0128,10,NA,NA,1,NA,NA,2011/8/22 12:10
52,BlueDuiker,OS,PICT0129,10,NA,NA,1,NA,NA,2011/8/23 7:56
52,RedDuiker,OS,PICT0130,10,NA,NA,0,NA,NA,2011/8/23 9:48
52,BlueDuiker,OS,PICT0131,10,NA,NA,1,NA,NA,2011/8/24 15:36
52,RedDuiker,OS,PICT0134,10,NA,NA,1,NA,NA,2011/8/25 17:29
52,BlueDuiker,OS,PICT0135,10,NA,NA,0,NA,NA,2011/8/26 8:27
54,RedDuiker,OS,PICT0047,30,4.7,1,0,NA,NA,2011/7/11 11:31
54,BlueDuiker,OS,PICT0045,30,16.7,1,0,NA,NA,2011/7/12 6:45
54,BlueDuiker,OS,PICT0048,30,0.2,1,1,0.1,1,2011/7/12 18:14
54,RedDuiker,OS,PICT0053,30,7.7,1,0,NA,NA,2011/7/17 16:30
54,RedDuiker,OS,PICT0054,30,6.5,1,1,1.1,1,2011/7/18 14:28
54,BlueDuiker,OS,PICT0056,30,4.6,1,0,NA,NA,2011/7/24 13:42
54,BlueDuiker,OS,PICT0057,10,NA,NA,0,NA,NA,2011/7/25 15:18
54,RedDuiker,OS,PICT0085,10,NA,NA,0,NA,NA,2011/7/30 17:23
54,BlueDuiker,OS,PICT0074,10,NA,NA,1,0.4,1,2011/8/7 6:51
54,BlueDuiker,OS,PICT0075,10,NA,NA,0,NA,NA,2011/8/7 9:25
54,BlueDuiker,OS,PICT0076,10,NA,NA,1,2.9,1,2011/8/7 14:21
54,BlueDuiker,OS,PICT0079,10,NA,NA,0,NA,NA,2011/8/8 6:45
54,BlueDuiker,OS,PICT0080,10,NA,NA,1,NA,NA,2011/8/8 12:38
54,RedDuiker,OS,PICT0081,10,NA,NA,0,NA,NA,2011/8/8 13:49
54,BlueDuiker,OS,PICT0084,10,NA,NA,1,NA,NA,2011/8/10 10:27
54,BlueDuiker,OS,PICT0086,10,NA,NA,1,NA,NA,2011/8/12 12:01
54,RedDuiker,OS,PICT0087,10,NA,NA,1,0.1,1,2011/8/12 15:23
54,BlueDuiker,OS,PICT0088,10,NA,NA,0,NA,NA,2011/8/13 6:50
54,BlueDuiker,OS,PICT0089,10,NA,NA,0,NA,NA,2011/8/14 15:50
54,RedDuiker,OS,PICT0090,10,NA,NA,1,4.1,1,2011/8/15 7:28
54,BlueDuiker,OS,PICT0091,10,NA,NA,0,NA,NA,2011/8/15 14:55
54,RedDuiker,OS,PICT0094,10,NA,NA,1,5.8,1,2011/8/16 7:07
54,BlueDuiker,OS,PICT0099,10,NA,NA,1,NA,NA,2011/8/18 9:31
54,BlueDuiker,OS,PICT0103,10,NA,NA,0,NA,NA,2011/8/20 11:36
54,RedDuiker,OS,PICT0105,10,NA,NA,1,NA,NA,2011/8/21 9:58
54,BlueDuiker,OS,PICT0107,10,NA,NA,0,NA,NA,2011/8/24 15:15
55,RedDuiker,OS,PICT0122,30,6.3,1,0,NA,NA,2011/7/10 13:20
55,RedDuiker,OS,PICT0124,30,1.9,1,0,NA,NA,2011/7/10 15:40
55,BlueDuiker,OS,PICT0146,30,3.7,1,1,2.4,1,2011/7/15 17:01
55,BlueDuiker,OS,PICT0158,30,1.3,1,0,NA,NA,2011/7/19 14:07
55,RedDuiker,OS,PICT0160,30,14.5,1,1,1.6,1,2011/7/19 14:23
55,RedDuiker,OS,PICT0171,30,6.3,1,0,NA,NA,2011/7/22 17:43
55,RedDuiker,OS,PICT0174,30,1.3,1,1,0.1,1,2011/7/23 2:54
55,BlueDuiker,OS,PICT0208,10,NA,NA,1,2.1,1,2011/8/2 17:11
55,BlueDuiker,OS,PICT0212,10,NA,NA,0,NA,NA,2011/8/3 16:22
55,BlueDuiker,OS,PICT0213,10,NA,NA,0,NA,NA,2011/8/4 10:54
55,BlueDuiker,OS,PICT0222,10,NA,NA,1,NA,NA,2011/8/7 17:20
55,BlueDuiker,OS,PICT0241,10,NA,NA,1,NA,NA,2011/8/12 17:10
55,BlueDuiker,OS,PICT0268,10,NA,NA,0,NA,NA,2011/8/21 6:29
55,BlueDuiker,OS,PICT0272,10,NA,NA,1,NA,NA,2011/8/22 17:19
57,BlueDuiker,OS,PICT0053,30,4,1,1,2.1,1,2011/7/14 8:52
57,BlueDuiker,OS,PICT0056,30,2.6,1,0,NA,NA,2011/7/15 17:33
57,BlueDuiker,OS,PICT0059,30,0.6,1,0,NA,NA,2011/7/17 16:52
57,BlueDuiker,OS,PICT0064,30,3.8,1,0,NA,NA,2011/7/19 17:39
57,BlueDuiker,OS,PICT0092,10,NA,NA,1,2.2,1,2011/7/27 16:59
57,RedDuiker,OS,PICT0093,10,NA,NA,0,NA,NA,2011/7/27 17:03
57,BlueDuiker,OS,PICT0110,10,NA,NA,1,1,1,2011/7/30 18:15
57,BlueDuiker,OS,PICT0119,10,NA,NA,0,NA,NA,2011/8/1 17:41
57,RedDuiker,OS,PICT0123,10,NA,NA,1,4.2,1,2011/8/3 10:26
57,BlueDuiker,OS,PICT0124,10,NA,NA,1,2.5,1,2011/8/3 17:03
57,BlueDuiker,OS,PICT0127,10,NA,NA,0,NA,NA,2011/8/4 16:36
57,BlueDuiker,OS,PICT0133,10,NA,NA,0,NA,NA,2011/8/6 17:57
57,RedDuiker,OS,PICT0134,10,NA,NA,0,NA,NA,2011/8/7 6:35
57,RedDuiker,OS,PICT0135,10,NA,NA,1,5.2,1,2011/8/7 11:03
57,BlueDuiker,OS,PICT0144,10,NA,NA,1,NA,NA,2011/8/9 17:46
57,RedDuiker,OS,PICT0148,10,NA,NA,1,1.1,1,2011/8/10 12:56
57,BlueDuiker,OS,PICT0151,10,NA,NA,0,NA,NA,2011/8/13 18:03
57,RedDuiker,OS,PICT0155,10,NA,NA,0,NA,NA,2011/8/14 8:43
57,RedDuiker,OS,PICT0157,10,NA,NA,1,NA,NA,2011/8/14 18:30
57,BlueDuiker,OS,PICT0166,10,NA,NA,1,NA,NA,2011/8/17 12:29
57,BlueDuiker,OS,PICT0178,10,NA,NA,0,NA,NA,2011/8/20 14:07
57,BlueDuiker,OS,PICT0179,10,NA,NA,0,NA,NA,2011/8/20 17:33
57,BlueDuiker,OS,PICT0187,10,NA,NA,1,NA,NA,2011/8/22 17:58
57,BlueDuiker,OS,PICT0192,10,NA,NA,0,NA,NA,2011/8/23 13:40
57,BlueDuiker,OS,PICT0197,10,NA,NA,0,NA,NA,2011/8/24 17:56
57,BlueDuiker,OS,PICT0203,10,NA,NA,0,NA,NA,2011/8/26 6:33
57,BlueDuiker,OS,PICT0205,10,NA,NA,0,NA,NA,2011/8/27 7:07
57,RedDuiker,OS,PICT0218,10,NA,NA,1,NA,NA,2011/8/31 15:50
58,BlueDuiker,OS,PICT0079,30,4,1,1,2.5,1,2011/7/21 6:54
58,BlueDuiker,OS,PICT0086,30,1.4,1,1,0.4,1,2011/7/22 14:50
58,BlueDuiker,OS,PICT0095,10,NA,NA,0,NA,NA,2011/7/25 10:08
58,BlueDuiker,OS,PICT0101,10,NA,NA,0,NA,NA,2011/7/26 7:45
58,BlueDuiker,OS,PICT0105,10,NA,NA,0,NA,NA,2011/7/26 17:49
58,BlueDuiker,OS,PICT0108,10,NA,NA,1,NA,NA,2011/7/27 6:19
58,RedDuiker,OS,PICT0118,10,NA,NA,0,NA,NA,2011/7/31 10:29
58,BlueDuiker,OS,PICT0119,10,NA,NA,1,NA,NA,2011/8/1 13:02
58,BlueDuiker,OS,PICT0121,10,NA,NA,0,NA,NA,2011/8/1 17:09
58,BlueDuiker,OS,PICT0136,10,NA,NA,0,NA,NA,2011/8/8 17:27
58,BlueDuiker,OS,PICT0137,10,NA,NA,0,NA,NA,2011/8/9 14:54
58,BlueDuiker,OS,PICT0143,10,NA,NA,0,NA,NA,2011/8/17 17:36
58,BlueDuiker,OS,PICT0146,10,NA,NA,0,NA,NA,2011/8/19 16:08
58,BlueDuiker,OS,PICT0156,10,NA,NA,0,NA,NA,2011/8/30 8:11
59,BlueDuiker,OS,PICT0053,30,0.4,1,1,0.3,1,2011/7/13 7:09
59,RedDuiker,OS,PICT0059,30,6.7,1,1,6.6,1,2011/7/14 16:16
59,BlueDuiker,OS,PICT0068,30,16,1,0,NA,NA,2011/7/16 13:25
59,BlueDuiker,OS,PICT0070,30,0.3,1,1,0.3,1,2011/7/17 6:13
59,BlueDuiker,OS,PICT0071,30,5.4,1,1,2.2,1,2011/7/17 8:13
59,RedDuiker,OS,PICT0073,30,7.2,1,0,NA,NA,2011/7/17 8:23
59,BlueDuiker,OS,PICT0077,30,0.6,1,0,NA,NA,2011/7/18 6:38
59,RedDuiker,OS,PICT0078,30,0.6,1,0,NA,NA,2011/7/18 8:14
59,BlueDuiker,OS,PICT0082,30,2.7,1,0,NA,NA,2011/7/18 17:57
59,BlueDuiker,OS,PICT0083,30,2.3,1,1,1.6,1,2011/7/19 5:43
59,BlueDuiker,OS,PICT0085,30,25.2,1,0,NA,NA,2011/7/19 10:15
59,BlueDuiker,OS,PICT0088,30,2.4,1,1,1.8,1,2011/7/19 15:19
59,BlueDuiker,OS,PICT0092,30,9.1,1,0,NA,NA,2011/7/20 6:27
59,BlueDuiker,OS,PICT0093,30,3.3,1,1,3.1,1,2011/7/20 7:59
59,RedDuiker,OS,PICT0094,30,1.6,1,0,NA,NA,2011/7/20 9:12
59,BlueDuiker,OS,PICT0097,30,3.3,1,1,3.1,1,2011/7/20 16:16
59,BlueDuiker,OS,PICT0101,30,1.5,1,1,1.2,1,2011/7/21 6:29
59,BlueDuiker,OS,PICT0106,30,3.5,1,1,1,1,2011/7/21 17:40
59,RedDuiker,OS,PICT0113,30,3.6,1,1,0.3,1,2011/7/23 8:59
59,BlueDuiker,OS,PICT0122,30,8.7,1,1,3.1,1,2011/7/24 6:09
59,BlueDuiker,OS,PICT0124,30,4.2,1,1,1.2,1,2011/7/24 8:04
59,RedDuiker,OS,PICT0127,30,1.6,1,0,NA,NA,2011/7/24 9:57
59,BlueDuiker,OS,PICT0130,30,2.9,1,1,1.1,1,2011/7/24 11:40
59,RedDuiker,OS,PICT0131,30,3.7,1,1,3.1,1,2011/7/24 11:54
59,RedDuiker,OS,PICT0119,30,2.7,1,1,2.1,1,2011/7/24 17:04
59,BlueDuiker,OS,PICT0132,30,0.4,1,1,0.2,1,2011/7/24 17:17
59,BlueDuiker,OS,PICT0137,10,NA,NA,0,NA,NA,2011/7/25 8:01
59,RedDuiker,OS,PICT0139,10,NA,NA,1,0.2,1,2011/7/25 10:33
59,BlueDuiker,OS,PICT0143,10,NA,NA,0,NA,NA,2011/7/25 15:55
59,BlueDuiker,OS,PICT0145,10,NA,NA,1,10,1,2011/7/26 6:17
59,RedDuiker,OS,PICT0149,10,NA,NA,1,NA,NA,2011/7/26 7:55
59,BlueDuiker,OS,PICT0150,10,NA,NA,0,NA,NA,2011/7/26 8:25
59,BlueDuiker,OS,PICT0151,10,NA,NA,0,NA,NA,2011/7/26 10:27
59,BlueDuiker,OS,PICT0157,10,NA,NA,0,NA,NA,2011/7/26 14:51
59,BlueDuiker,OS,PICT0161,10,NA,NA,1,0.6,1,2011/7/27 6:14
59,BlueDuiker,OS,PICT0164,10,NA,NA,0,NA,NA,2011/7/27 8:40
59,RedDuiker,OS,PICT0169,10,NA,NA,1,NA,NA,2011/7/27 11:24
59,BlueDuiker,OS,PICT0174,10,NA,NA,0,NA,NA,2011/7/27 15:35
59,BlueDuiker,OS,PICT0176,10,NA,NA,0,NA,NA,2011/7/28 6:50
59,RedDuiker,OS,PICT0180,10,NA,NA,1,1.6,1,2011/7/28 9:27
59,BlueDuiker,OS,PICT0181,10,NA,NA,0,NA,NA,2011/7/28 9:37
59,BlueDuiker,OS,PICT0191,10,NA,NA,0,NA,NA,2011/7/28 14:24
59,RedDuiker,OS,PICT0175,10,NA,NA,1,10,0,2011/7/28 17:33
59,BlueDuiker,OS,PICT0194,10,NA,NA,0,NA,NA,2011/7/29 6:57
59,BlueDuiker,OS,PICT0198,10,NA,NA,1,1.9,1,2011/7/29 9:34
59,BlueDuiker,OS,PICT0199,10,NA,NA,0,NA,NA,2011/7/29 11:28
59,BlueDuiker,OS,PICT0202,10,NA,NA,1,6.1,1,2011/7/29 13:28
59,BlueDuiker,OS,PICT0203,10,NA,NA,1,0.2,1,2011/7/29 17:35
59,BlueDuiker,OS,PICT0204,10,NA,NA,0,NA,NA,2011/7/30 6:15
59,BlueDuiker,OS,PICT0207,10,NA,NA,0,NA,NA,2011/7/30 9:36
59,BlueDuiker,OS,PICT0211,10,NA,NA,1,NA,1,2011/7/30 16:59
59,BlueDuiker,OS,PICT0212,10,NA,NA,1,NA,0,2011/7/31 6:22
59,BlueDuiker,OS,PICT0213,10,NA,NA,1,NA,1,2011/7/31 7:58
59,RedDuiker,OS,PICT0215,10,NA,NA,0,NA,NA,2011/7/31 8:17
59,BlueDuiker,OS,PICT0216,10,NA,NA,1,NA,1,2011/7/31 10:25
59,BlueDuiker,OS,PICT0219,10,NA,NA,1,NA,1,2011/7/31 13:10
59,BlueDuiker,OS,PICT0226,10,NA,NA,1,NA,1,2011/8/1 6:54
59,BlueDuiker,OS,PICT0230,10,NA,NA,0,NA,NA,2011/8/1 10:58
59,BlueDuiker,OS,PICT0233,10,NA,NA,1,NA,1,2011/8/1 16:04
59,BlueDuiker,OS,PICT0236,10,NA,NA,0,NA,NA,2011/8/2 6:46
59,BlueDuiker,OS,PICT0237,10,NA,NA,1,NA,1,2011/8/2 9:36
59,BlueDuiker,OS,PICT0239,10,NA,NA,1,NA,1,2011/8/2 14:07
59,BlueDuiker,OS,PICT0242,10,NA,NA,0,NA,NA,2011/8/3 8:08
59,BlueDuiker,OS,PICT0243,10,NA,NA,0,NA,NA,2011/8/3 9:13
59,RedDuiker,OS,PICT0246,10,NA,NA,1,3.2,1,2011/8/3 10:26
59,RedDuiker,OS,PICT0247,10,NA,NA,0,NA,NA,2011/8/3 10:29
59,BlueDuiker,OS,PICT0249,10,NA,NA,0,NA,NA,2011/8/3 13:25
59,RedDuiker,OS,PICT0254,10,NA,NA,0,NA,NA,2011/8/4 8:31
59,RedDuiker,OS,PICT0255,10,NA,NA,0,NA,NA,2011/8/4 8:39
59,BlueDuiker,OS,PICT0257,10,NA,NA,0,NA,NA,2011/8/4 13:47
59,BlueDuiker,OS,PICT0258,10,NA,NA,0,NA,NA,2011/8/4 15:54
59,BlueDuiker,OS,PICT0261,10,NA,NA,0,NA,NA,2011/8/5 6:25
59,BlueDuiker,OS,PICT0265,10,NA,NA,0,NA,NA,2011/8/5 12:36
59,BlueDuiker,OS,PICT0267,10,NA,NA,0,NA,NA,2011/8/5 14:04
59,RedDuiker,OS,PICT0270,10,NA,NA,1,NA,NA,2011/8/6 5:59
59,BlueDuiker,OS,PICT0271,10,NA,NA,1,NA,1,2011/8/6 6:39
59,RedDuiker,OS,PICT0272,10,NA,NA,0,NA,NA,2011/8/6 8:17
59,RedDuiker,OS,PICT0273,10,NA,NA,0,NA,NA,2011/8/6 9:45
59,BlueDuiker,OS,PICT0274,10,NA,NA,1,NA,1,2011/8/6 10:15
59,BlueDuiker,OS,PICT0276,10,NA,NA,1,NA,1,2011/8/6 15:20
59,BlueDuiker,OS,PICT0278,10,NA,NA,1,NA,1,2011/8/7 6:15
59,RedDuiker,OS,PICT0281,10,NA,NA,1,NA,NA,2011/8/7 10:22
59,RedDuiker,OS,PICT0282,10,NA,NA,1,NA,NA,2011/8/7 10:26
59,RedDuiker,OS,PICT0284,10,NA,NA,1,NA,NA,2011/8/7 15:49
59,BlueDuiker,OS,PICT0286,10,NA,NA,1,NA,1,2011/8/7 17:35
59,BlueDuiker,OS,PICT0288,10,NA,NA,0,NA,NA,2011/8/8 7:09
59,RedDuiker,OS,PICT0289,10,NA,NA,0,NA,NA,2011/8/8 7:44
59,RedDuiker,OS,PICT0290,10,NA,NA,1,NA,NA,2011/8/8 7:50
59,BlueDuiker,OS,PICT0291,10,NA,NA,1,NA,1,2011/8/8 13:19
59,BlueDuiker,OS,PICT0292,10,NA,NA,0,NA,NA,2011/8/9 7:02
59,RedDuiker,OS,PICT0295,10,NA,NA,1,NA,NA,2011/8/9 10:37
59,BlueDuiker,OS,PICT0296,10,NA,NA,1,NA,1,2011/8/9 13:49
59,BlueDuiker,OS,PICT0297,10,NA,NA,0,NA,NA,2011/8/9 17:28
59,BlueDuiker,OS,PICT0299,10,NA,NA,0,NA,NA,2011/8/10 8:52
59,RedDuiker,OS,PICT0300,10,NA,NA,1,NA,NA,2011/8/10 10:49
59,BlueDuiker,OS,PICT0302,10,NA,NA,1,NA,1,2011/8/11 6:34
59,RedDuiker,OS,PICT0303,10,NA,NA,0,NA,NA,2011/8/11 7:32
59,BlueDuiker,OS,PICT0304,10,NA,NA,1,NA,1,2011/8/11 15:18
59,RedDuiker,OS,PICT0305,10,NA,NA,0,NA,NA,2011/8/11 17:49
59,BlueDuiker,OS,PICT0307,10,NA,NA,0,NA,NA,2011/8/12 18:15
59,BlueDuiker,OS,PICT0309,10,NA,NA,1,NA,1,2011/8/13 7:07
59,BlueDuiker,OS,PICT0311,10,NA,NA,1,NA,1,2011/8/13 8:15
59,BlueDuiker,OS,PICT0312,10,NA,NA,0,NA,NA,2011/8/13 12:25
59,BlueDuiker,OS,PICT0316,10,NA,NA,0,NA,NA,2011/8/14 6:28
59,BlueDuiker,OS,PICT0319,10,NA,NA,0,NA,NA,2011/8/14 10:21
59,BlueDuiker,OS,PICT0320,10,NA,NA,1,NA,NA,2011/8/15 7:35
59,BlueDuiker,OS,PICT0321,10,NA,NA,0,NA,NA,2011/8/15 12:06
59,BlueDuiker,OS,PICT0322,10,NA,NA,0,NA,NA,2011/8/15 17:41
59,RedDuiker,OS,PICT0324,10,NA,NA,1,NA,NA,2011/8/16 6:37
59,BlueDuiker,OS,PICT0327,10,NA,NA,1,NA,NA,2011/8/16 15:34
59,BlueDuiker,OS,PICT0328,10,NA,NA,0,NA,NA,2011/8/17 10:53
59,BlueDuiker,OS,PICT0333,10,NA,NA,0,NA,NA,2011/8/18 9:27
59,BlueDuiker,OS,PICT0336,10,NA,NA,1,NA,NA,2011/8/18 11:02
59,BlueDuiker,OS,PICT0341,10,NA,NA,0,NA,NA,2011/8/20 7:15
59,BlueDuiker,OS,PICT0342,10,NA,NA,0,NA,NA,2011/8/21 7:05
59,BlueDuiker,OS,PICT0344,10,NA,NA,0,NA,NA,2011/8/22 17:42
59,BlueDuiker,OS,PICT0349,10,NA,NA,1,NA,NA,2011/8/23 14:39
61,RedDuiker,PR,PICT0036,30,1.5,1,0,NA,NA,2011/7/15 8:03
61,RedDuiker,PR,PICT0038,30,0.7,1,1,0.3,1,2011/7/16 13:39
61,RedDuiker,PR,PICT0039,30,1.1,1,0,NA,NA,2011/7/17 6:09
61,RedDuiker,PR,PICT0042,30,4.6,1,0,NA,NA,2011/7/20 16:17
61,RedDuiker,PR,PICT0044,30,2,1,1,0.3,1,2011/7/23 17:47
61,RedDuiker,PR,PICT0048,10,NA,NA,1,3.1,1,2011/8/1 18:56
61,RedDuiker,PR,PICT0049,10,NA,NA,0,NA,NA,2011/8/2 16:17
61,RedDuiker,PR,PICT0050,10,NA,NA,0,NA,NA,2011/8/6 17:25
61,RedDuiker,PR,PICT0051,10,NA,NA,1,0.1,1,2011/8/7 17:42
61,RedDuiker,PR,PICT0062,10,NA,NA,1,12,1,2011/8/18 13:30
61,RedDuiker,PR,PICT0063,10,NA,NA,0,NA,NA,2011/8/20 18:04
61,RedDuiker,PR,PICT0066,10,NA,NA,0,NA,NA,2011/8/23 17:27
62,RedDuiker,PR,PICT0074,30,5.4,1,1,5,1,2011/7/13 11:37
62,RedDuiker,PR,PICT0077,30,3.1,1,1,1,1,2011/7/14 18:35
62,RedDuiker,PR,PICT0084,30,3.1,1,0,NA,NA,2011/7/16 11:09
62,RedDuiker,PR,PICT0085,30,10.1,1,1,3.1,1,2011/7/16 16:34
62,RedDuiker,PR,PICT0095,30,7.1,1,0,NA,NA,2011/7/23 7:14
62,RedDuiker,PR,PICT0101,30,21,1,0,NA,NA,2011/7/24 8:52
62,BlueDuiker,PR,PICT0105,30,13.4,0,1,1.8,1,2011/7/26 6:57
62,RedDuiker,PR,PICT0107,30,4.7,1,1,3.6,1,2011/7/26 12:44
62,BlueDuiker,PR,PICT0114,10,NA,NA,0,NA,NA,2011/7/30 6:47
62,RedDuiker,PR,PICT0115,10,NA,NA,1,2,1,2011/7/30 12:04
62,BlueDuiker,PR,PICT0119,10,NA,NA,1,NA,NA,2011/7/31 14:28
62,BlueDuiker,PR,PICT0123,10,NA,NA,1,NA,NA,2011/8/2 14:32
62,RedDuiker,PR,PICT0124,10,NA,NA,0,NA,NA,2011/8/3 17:25
62,RedDuiker,PR,PICT0136,10,NA,NA,1,4,1,2011/8/6 15:24
62,RedDuiker,PR,PICT0140,10,NA,NA,0,NA,NA,2011/8/7 7:16
62,RedDuiker,PR,PICT0149,10,NA,NA,0,NA,NA,2011/8/11 9:38
62,BlueDuiker,PR,PICT0154,10,NA,NA,1,NA,NA,2011/8/13 17:35
62,RedDuiker,PR,PICT0156,10,NA,NA,1,7.1,1,2011/8/14 4:09
62,RedDuiker,PR,PICT0165,10,NA,NA,0,NA,NA,2011/8/16 6:36
62,RedDuiker,PR,PICT0166,10,NA,NA,0,NA,NA,2011/8/16 11:06
62,RedDuiker,PR,PICT0168,10,NA,NA,0,NA,NA,2011/8/16 13:06
62,RedDuiker,PR,PICT0172,10,NA,NA,0,NA,NA,2011/8/17 6:57
62,RedDuiker,PR,PICT0201,10,NA,NA,0,NA,NA,2011/8/22 7:34
62,RedDuiker,PR,PICT0223,10,NA,NA,0,NA,NA,2011/8/26 20:09
62,RedDuiker,PR,PICT0225,10,NA,NA,0,NA,NA,2011/8/27 10:13
62,BlueDuiker,PR,PICT0228,10,NA,NA,1,NA,NA,2011/8/28 11:47
62,BlueDuiker,PR,PICT0229,10,NA,NA,1,NA,NA,2011/8/28 18:31
62,RedDuiker,PR,PICT0231,10,NA,NA,0,NA,NA,2011/8/29 23:02
62,RedDuiker,PR,PICT0234,10,NA,NA,0,NA,NA,2011/8/31 6:48
63,BlueDuiker,PR,PICT0030,30,24.4,1,1,14.5,1,2011/7/18 15:18
63,RedDuiker,PR,PICT0031,30,0.2,1,1,0.1,1,2011/7/19 10:45
63,BlueDuiker,PR,PICT0032,30,9.2,1,0,NA,NA,2011/7/21 13:33
63,BlueDuiker,PR,PICT0033,30,5.6,1,1,1.8,1,2011/7/22 12:32
63,BlueDuiker,PR,PICT0037,30,16.1,1,1,12.3,1,2011/7/23 10:35
63,RedDuiker,PR,PICT0042,30,3.1,1,0,NA,NA,2011/7/25 8:50
63,RedDuiker,PR,PICT0051,10,NA,NA,0,NA,NA,2011/8/3 14:14
63,RedDuiker,PR,PICT0063,10,NA,NA,1,4.8,1,2011/8/11 6:38
63,RedDuiker,PR,PICT0066,10,NA,NA,1,NA,NA,2011/8/11 16:36
63,BlueDuiker,PR,PICT0087,10,NA,NA,1,6.3,1,2011/8/13 8:09
63,RedDuiker,PR,PICT0093,10,NA,NA,0,NA,NA,2011/8/13 15:27
63,BlueDuiker,PR,PICT0095,10,NA,NA,1,NA,NA,2011/8/13 17:52
63,BlueDuiker,PR,PICT0098,10,NA,NA,1,NA,NA,2011/8/14 10:41
63,BlueDuiker,PR,PICT0101,10,NA,NA,1,NA,NA,2011/8/15 13:07
63,BlueDuiker,PR,PICT0103,10,NA,NA,0,NA,NA,2011/8/16 11:58
63,RedDuiker,PR,PICT0104,10,NA,NA,1,NA,NA,2011/8/16 13:38
63,BlueDuiker,PR,PICT0114,10,NA,NA,1,NA,NA,2011/8/17 15:23
63,BlueDuiker,PR,PICT0121,10,NA,NA,1,NA,NA,2011/8/19 15:46
63,RedDuiker,PR,PICT0129,10,NA,NA,0,NA,NA,2011/8/22 10:09
63,BlueDuiker,PR,PICT0133,10,NA,NA,1,NA,NA,2011/8/24 9:13
63,BlueDuiker,PR,PICT0134,10,NA,NA,0,NA,NA,2011/8/25 11:05
64,BlueDuiker,PR,PICT0038,30,12.3,1,1,7.3,1,2011/7/18 7:11
64,BlueDuiker,PR,PICT0042,30,19.2,1,1,8.3,1,2011/7/21 18:07
64,BlueDuiker,PR,PICT0054,10,NA,NA,1,1.1,1,2011/8/20 16:50
64,RedDuiker,PR,PICT0056,10,NA,NA,0,NA,NA,2011/8/23 9:02
65,BlueDuiker,PR,PICT0045,30,5.9,1,0,NA,NA,2011/7/20 6:26
65,BlueDuiker,PR,PICT0050,30,4.9,1,1,4.7,1,2011/7/21 15:55
65,BlueDuiker,PR,PICT0053,30,2.6,1,1,2.1,1,2011/7/24 18:14
65,BlueDuiker,PR,PICT0056,10,NA,NA,1,2.4,1,2011/7/28 7:31
65,RedDuiker,PR,PICT0058,10,NA,NA,0,NA,NA,2011/7/28 15:14
65,BlueDuiker,PR,PICT0060,10,NA,NA,1,2.9,1,2011/7/29 16:16
65,RedDuiker,PR,PICT0107,10,NA,NA,1,NA,NA,2011/8/15 19:00
65,RedDuiker,PR,PICT0108,10,NA,NA,1,NA,NA,2011/8/17 1:45
65,RedDuiker,PR,PICT0124,10,NA,NA,0,NA,NA,2011/8/27 13:19
66,RedDuiker,PR,PICT0031,30,6.2,1,0,NA,NA,2011/7/16 16:13
66,BlueDuiker,PR,PICT0038,30,21.4,1,0,NA,NA,2011/7/18 18:21
66,BlueDuiker,PR,PICT0042,30,6.1,1,1,4.1,1,2011/7/18 20:13
66,BlueDuiker,PR,PICT0045,30,2.4,1,1,1.6,1,2011/7/18 21:45
66,BlueDuiker,PR,PICT0046,30,3.1,1,1,2.4,1,2011/7/18 23:08
66,BlueDuiker,PR,PICT0048,30,0.1,1,0,NA,NA,2011/7/19 0:22
66,BlueDuiker,PR,PICT0051,30,16.4,1,1,9.7,1,2011/7/19 3:06
66,BlueDuiker,PR,PICT0052,30,9.2,1,1,7.2,1,2011/7/19 4:33
66,BlueDuiker,PR,PICT0053,30,1.5,1,0,NA,NA,2011/7/19 5:49
66,BlueDuiker,PR,PICT0055,30,4.1,1,1,3,1,2011/7/19 8:53
66,BlueDuiker,PR,PICT0056,30,5.3,1,0,NA,NA,2011/7/19 10:59
66,BlueDuiker,PR,PICT0060,30,3.9,1,1,3,1,2011/7/20 6:25
66,BlueDuiker,PR,PICT0066,30,6.3,1,1,3.1,1,2011/7/26 8:52
66,BlueDuiker,PR,PICT0085,10,NA,NA,0,NA,NA,2011/8/7 15:28
66,BlueDuiker,PR,PICT0088,10,NA,NA,1,2.3,1,2011/8/8 10:54
66,RedDuiker,PR,PICT0116,10,NA,NA,1,1.9,1,2011/8/17 18:54
66,BlueDuiker,PR,PICT0131,10,NA,NA,1,10,1,2011/8/27 17:51
67,BlueDuiker,PR,PICT0035,30,9.4,1,0,NA,NA,2011/7/17 12:04
67,BlueDuiker,PR,PICT0038,30,5.1,1,0,NA,NA,2011/7/26 9:16
67,BlueDuiker,PR,PICT0039,30,1.5,1,1,0.6,1,2011/7/27 9:59
67,BlueDuiker,PR,PICT0041,10,NA,NA,1,0.4,1,2011/7/28 16:05
67,RedDuiker,PR,PICT0050,10,NA,NA,1,NA,NA,2011/8/4 8:04
67,RedDuiker,PR,PICT0051,10,NA,NA,0,NA,NA,2011/8/5 7:57
67,BlueDuiker,PR,PICT0060,10,NA,NA,1,2.2,1,2011/8/14 16:48
67,RedDuiker,PR,PICT0065,10,NA,NA,1,NA,NA,2011/8/17 18:42
67,BlueDuiker,PR,PICT0070,10,NA,NA,0,NA,NA,2011/8/23 17:21
67,BlueDuiker,PR,PICT0074,10,NA,NA,0,NA,NA,2011/8/26 14:05
67,RedDuiker,PR,PICT0078,10,NA,NA,1,NA,NA,2011/8/29 6:35
68,BlueDuiker,PR,PICT0121,30,28.7,1,0,NA,NA,2011/7/19 16:36
68,RedDuiker,PR,PICT0147,10,NA,NA,1,NA,NA,2011/7/28 20:56
68,BlueDuiker,PR,PICT0150,10,NA,NA,0,NA,NA,2011/7/29 15:14
68,RedDuiker,PR,PICT0159,10,NA,NA,0,NA,NA,2011/8/2 9:53
68,RedDuiker,PR,PICT0165,10,NA,NA,0,NA,NA,2011/8/4 7:22
68,BlueDuiker,PR,PICT0170,10,NA,NA,1,10,0,2011/8/5 17:27
68,BlueDuiker,PR,PICT0189,10,NA,NA,1,NA,NA,2011/8/8 12:00
68,RedDuiker,PR,PICT0234,10,NA,NA,1,NA,NA,2011/8/20 16:05
69,RedDuiker,PR,PICT1175,30,0.6,1,0,NA,NA,2011/7/27 20:22
69,RedDuiker,PR,PICT1187,10,NA,NA,0,NA,NA,2011/8/4 15:17
69,RedDuiker,PR,PICT1189,10,NA,NA,1,0.5,1,2011/8/5 16:10
69,RedDuiker,PR,PICT1192,10,NA,NA,1,NA,NA,2011/8/8 7:02
69,BlueDuiker,PR,PICT1197,10,NA,NA,0,NA,NA,2011/8/17 7:22
69,RedDuiker,PR,PICT1198,10,NA,NA,1,NA,NA,2011/8/17 12:27
69,RedDuiker,PR,PICT1206,10,NA,NA,0,NA,NA,2011/8/21 13:42
69,RedDuiker,PR,PICT1208,10,NA,NA,1,NA,NA,2011/8/23 10:50
69,RedDuiker,PR,PICT1211,10,NA,NA,1,NA,NA,2011/8/25 17:25
69,BlueDuiker,PR,PICT1222,10,NA,NA,1,NA,NA,2011/8/31 7:57
69,RedDuiker,PR,PICT1223,10,NA,NA,0,NA,NA,2011/8/31 12:38
69,RedDuiker,PR,PICT1224,10,NA,NA,1,NA,NA,2011/8/31 18:04
70,BlueDuiker,PR,PICT0024,30,4.4,1,1,0.6,1,2011/7/16 6:41
70,RedDuiker,PR,PICT0028,30,0.5,1,0,NA,NA,2011/7/23 1:17
70,RedDuiker,PR,PICT0029,30,3.4,1,0,NA,NA,2011/7/26 17:31
70,RedDuiker,PR,PICT0037,10,NA,NA,1,6.2,1,2011/8/7 16:34
70,BlueDuiker,PR,PICT0038,10,NA,NA,0,NA,NA,2011/8/8 6:34
70,RedDuiker,PR,PICT0048,10,NA,NA,1,2.4,1,2011/8/24 15:36
71,RedDuiker,PR,PICT0049,30,3,1,0,NA,NA,2011/7/13 7:21
71,RedDuiker,PR,PICT0061,30,1.3,1,0,NA,NA,2011/7/15 8:43
71,RedDuiker,PR,PICT0073,30,2.5,1,1,0.6,1,2011/7/17 8:19
71,RedDuiker,PR,PICT0074,30,10.5,1,0,NA,NA,2011/7/17 8:25
71,BlueDuiker,PR,PICT0081,30,3.8,1,0,NA,NA,2011/7/18 10:10
71,RedDuiker,PR,PICT0084,30,2.7,1,1,1.3,1,2011/7/18 14:14
71,RedDuiker,PR,PICT0102,30,0.7,1,1,0.6,1,2011/7/21 7:27
71,RedDuiker,PR,PICT0104,30,1.6,1,0,NA,NA,2011/7/21 9:08
71,RedDuiker,PR,PICT0105,30,1.8,1,0,NA,NA,2011/7/21 11:12
71,BlueDuiker,PR,PICT0110,30,3.9,1,1,2.2,1,2011/7/22 7:31
71,RedDuiker,PR,PICT0111,30,7,1,1,6,1,2011/7/22 8:56
71,RedDuiker,PR,PICT0112,30,12.1,1,0,NA,NA,2011/7/22 13:30
71,RedDuiker,PR,PICT0119,30,14.4,1,1,10,1,2011/7/24 7:00
71,RedDuiker,PR,PICT0120,30,6.6,1,1,2.9,1,2011/7/24 14:34
71,BlueDuiker,PR,PICT0121,30,1,1,1,0.5,1,2011/7/25 7:40
71,BlueDuiker,PR,PICT0130,30,2.3,1,1,1.9,1,2011/7/26 7:16
71,RedDuiker,PR,PICT0131,30,0.8,1,0,NA,NA,2011/7/26 10:54
71,BlueDuiker,PR,PICT0153,10,NA,NA,0,NA,NA,2011/8/1 12:39
71,RedDuiker,PR,PICT0155,10,NA,NA,1,6.8,1,2011/8/2 6:25
71,RedDuiker,PR,PICT0157,10,NA,NA,1,4.6,1,2011/8/4 0:28
71,BlueDuiker,PR,PICT0158,10,NA,NA,1,4.8,1,2011/8/4 13:31
71,BlueDuiker,PR,PICT0167,10,NA,NA,1,NA,NA,2011/8/9 8:10
71,RedDuiker,PR,PICT0177,10,NA,NA,0,NA,NA,2011/8/19 4:19
71,RedDuiker,PR,PICT0179,10,NA,NA,1,4.2,1,2011/8/21 12:11
71,RedDuiker,PR,PICT0182,10,NA,NA,0,NA,NA,2011/8/25 8:33
71,RedDuiker,PR,PICT0186,10,NA,NA,0,NA,NA,2011/8/27 19:15
72,BlueDuiker,PR,PICT0035,30,3.7,1,0,NA,NA,2011/7/18 18:07
72,RedDuiker,PR,PICT0050,10,NA,NA,0,NA,NA,2011/7/29 18:06
72,RedDuiker,PR,PICT0055,10,NA,NA,1,NA,NA,2011/7/31 11:32
72,BlueDuiker,PR,PICT0056,10,NA,NA,0,NA,NA,2011/8/1 14:17
72,BlueDuiker,PR,PICT0060,10,NA,NA,1,8.1,1,2011/8/6 9:49
72,RedDuiker,PR,PICT0066,10,NA,NA,1,4.2,1,2011/8/9 17:39
72,RedDuiker,PR,PICT0076,10,NA,NA,0,NA,NA,2011/8/16 12:50
72,RedDuiker,PR,PICT0080,10,NA,NA,0,NA,NA,2011/8/20 18:32
72,RedDuiker,PR,PICT0081,10,NA,NA,1,9.4,1,2011/8/20 18:39
72,RedDuiker,PR,PICT0083,10,NA,NA,1,0.2,1,2011/8/21 13:31
72,BlueDuiker,PR,PICT0084,10,NA,NA,1,NA,NA,2011/8/21 17:25
72,RedDuiker,PR,PICT0088,10,NA,NA,1,5.1,1,2011/8/23 9:04
73,BlueDuiker,PR,PICT0025,30,2.1,1,1,1.7,1,2011/7/13 9:31
73,BlueDuiker,PR,PICT0032,30,0.7,1,0,NA,NA,2011/7/18 12:50
73,RedDuiker,PR,PICT0042,10,NA,NA,0,NA,NA,2011/7/28 17:30
73,BlueDuiker,PR,PICT0046,10,NA,NA,1,1.7,1,2011/8/1 17:23
73,BlueDuiker,PR,PICT0047,10,NA,NA,0,NA,NA,2011/8/2 10:30
73,RedDuiker,PR,PICT0064,10,NA,NA,1,NA,NA,2011/8/22 15:14
73,RedDuiker,PR,PICT0067,10,NA,NA,1,NA,NA,2011/8/24 8:36
74,BlueDuiker,PR,PICT0030,30,3.4,1,0,NA,NA,2011/7/16 6:38
74,RedDuiker,PR,PICT0031,30,0.2,1,0,NA,NA,2011/7/17 12:56
74,RedDuiker,PR,PICT0032,30,0.4,1,0,NA,NA,2011/7/17 13:03
74,RedDuiker,PR,PICT0046,10,NA,NA,0,NA,NA,2011/7/29 3:38
74,RedDuiker,PR,PICT0059,10,NA,NA,0,NA,NA,2011/8/10 9:51
74,RedDuiker,PR,PICT0060,10,NA,NA,1,5.5,1,2011/8/12 10:47
74,RedDuiker,PR,PICT0063,10,NA,NA,0,NA,NA,2011/8/14 9:40
74,RedDuiker,PR,PICT0064,10,NA,NA,0,NA,NA,2011/8/14 10:19
74,RedDuiker,PR,PICT0066,10,NA,NA,0,NA,NA,2011/8/15 7:26
74,RedDuiker,PR,PICT0068,10,NA,NA,1,NA,NA,2011/8/15 12:12
74,BlueDuiker,PR,PICT0069,10,NA,NA,0,NA,NA,2011/8/15 18:10
74,RedDuiker,PR,PICT0070,10,NA,NA,1,NA,NA,2011/8/15 18:59
74,RedDuiker,PR,PICT0071,10,NA,NA,1,NA,NA,2011/8/15 20:56
74,BlueDuiker,PR,PICT0074,10,NA,NA,1,NA,NA,2011/8/17 17:17
74,BlueDuiker,PR,PICT0076,10,NA,NA,1,NA,NA,2011/8/18 7:13
74,RedDuiker,PR,PICT0079,10,NA,NA,0,NA,NA,2011/8/20 17:18
74,BlueDuiker,PR,PICT0083,10,NA,NA,0,NA,NA,2011/8/24 6:12
75,BlueDuiker,PR,PICT0115,30,4.5,1,1,4.1,1,2011/7/17 17:16
75,RedDuiker,PR,PICT0123,30,1.7,1,1,1.1,1,2011/7/20 17:42
75,BlueDuiker,PR,PICT0131,30,2.8,1,1,1.2,1,2011/7/24 18:09
75,BlueDuiker,PR,PICT0143,10,NA,NA,1,3.3,1,2011/7/28 6:20
75,RedDuiker,PR,PICT0156,10,NA,NA,1,1.3,1,2011/7/31 18:34
75,BlueDuiker,PR,PICT0164,10,NA,NA,0,NA,NA,2011/8/2 7:24
75,RedDuiker,PR,PICT0208,10,NA,NA,1,NA,NA,2011/8/15 13:37
75,RedDuiker,PR,PICT0225,10,NA,NA,0,NA,NA,2011/8/20 9:39
75,RedDuiker,PR,PICT0229,10,NA,NA,0,NA,NA,2011/8/22 6:44
76,BlueDuiker,PR,PICT0029,10,NA,NA,1,NA,NA,2011/8/28 6:28
77,BlueDuiker,PR,PICT0081,10,NA,NA,0,NA,NA,2011/8/3 9:58
77,RedDuiker,PR,PICT0083,10,NA,NA,1,NA,NA,2011/8/7 15:43
77,RedDuiker,PR,PICT0107,10,NA,NA,0,NA,NA,2011/8/25 1:46
78,RedDuiker,PR,PICT0097,30,9,1,0,NA,NA,2011/7/19 11:21
78,BlueDuiker,PR,PICT0111,30,5,1,1,1.8,1,2011/7/23 9:06
78,RedDuiker,PR,PICT0153,10,NA,NA,1,5.5,1,2011/8/3 17:24
78,RedDuiker,PR,PICT0224,10,NA,NA,0,NA,NA,2011/8/16 12:15
78,RedDuiker,PR,PICT0225,10,NA,NA,1,NA,NA,2011/8/16 12:15
78,RedDuiker,PR,PICT0254,10,NA,NA,0,NA,NA,2011/8/23 16:27
78,RedDuiker,PR,PICT0263,10,NA,NA,0,NA,NA,2011/8/25 1:52
78,RedDuiker,PR,PICT0264,10,NA,NA,0,NA,NA,2011/8/25 1:53
81,BlueDuiker,YS,PICT0050,30,4,1,0,NA,NA,2011/7/18 18:03
82,BlueDuiker,YS,PICT0131,10,NA,NA,1,4.2,1,2011/8/12 16:49
82,BlueDuiker,YS,PICT0165,10,NA,NA,0,NA,NA,2011/8/18 9:41
83,BlueDuiker,YS,PICT0030,30,3,1,1,0.7,1,2011/7/14 11:13
83,BlueDuiker,YS,PICT0033,30,2.8,1,0,NA,NA,2011/7/17 17:23
83,BlueDuiker,YS,PICT0035,30,10.8,1,1,7.3,1,2011/7/20 14:23
83,BlueDuiker,YS,PICT0040,30,1.3,1,0,NA,NA,2011/7/26 16:17
83,BlueDuiker,YS,PICT0044,10,NA,NA,1,9.7,1,2011/7/28 16:36
83,BlueDuiker,YS,PICT0053,10,NA,NA,0,NA,NA,2011/8/4 7:03
83,BlueDuiker,YS,PICT0057,10,NA,NA,0,NA,NA,2011/8/7 10:15
83,BlueDuiker,YS,PICT0059,10,NA,NA,1,1.2,1,2011/8/7 13:15
83,BlueDuiker,YS,PICT0060,10,NA,NA,1,NA,NA,2011/8/7 17:06
83,BlueDuiker,YS,PICT0061,10,NA,NA,1,NA,NA,2011/8/10 8:50
83,BlueDuiker,YS,PICT0062,10,NA,NA,0,NA,NA,2011/8/11 14:39
83,BlueDuiker,YS,PICT0067,10,NA,NA,1,NA,NA,2011/8/19 7:41
83,BlueDuiker,YS,PICT0068,10,NA,NA,0,NA,NA,2011/8/20 10:03
83,BlueDuiker,YS,PICT0073,10,NA,NA,0,NA,NA,2011/8/21 12:12
83,BlueDuiker,YS,PICT0075,10,NA,NA,1,NA,NA,2011/8/24 10:36
84,BlueDuiker,YS,PICT0251,10,NA,NA,0,NA,NA,2011/8/16 17:14
84,BlueDuiker,YS,PICT0296,10,NA,NA,1,NA,NA,2011/8/29 6:38
85,BlueDuiker,YS,PICT0077,10,NA,NA,1,NA,NA,2011/8/5 11:31
85,RedDuiker,YS,PICT0084,10,NA,NA,1,NA,NA,2011/8/13 12:54
86,BlueDuiker,YS,PICT0116,30,5.4,1,1,1.9,1,2011/7/18 8:09
86,BlueDuiker,YS,PICT0180,10,NA,NA,0,NA,NA,2011/8/1 10:10
87,BlueDuiker,YS,PICT0116,10,NA,NA,1,NA,NA,2011/7/28 10:55
87,RedDuiker,YS,PICT0186,30,0.7,1,0,NA,NA,2011/8/6 21:19
87,BlueDuiker,YS,PICT0193,10,NA,NA,0,NA,NA,2011/8/7 13:01
87,BlueDuiker,YS,PICT0232,10,NA,NA,1,NA,NA,2011/8/12 14:42
87,BlueDuiker,YS,PICT0244,10,NA,NA,1,NA,NA,2011/8/14 17:12
87,RedDuiker,YS,PICT0248,10,NA,NA,1,10,0,2011/8/14 22:32
87,BlueDuiker,YS,PICT0264,10,NA,NA,1,NA,NA,2011/8/16 16:23
87,BlueDuiker,YS,PICT0274,10,NA,NA,1,NA,NA,2011/8/18 6:42
87,BlueDuiker,YS,PICT0292,10,NA,NA,1,NA,NA,2011/8/19 11:13
87,BlueDuiker,YS,PICT0301,10,NA,NA,0,NA,NA,2011/8/20 14:03
87,BlueDuiker,YS,PICT0304,10,NA,NA,1,NA,NA,2011/8/20 16:55
87,RedDuiker,YS,PICT0321,10,NA,NA,0,NA,NA,2011/8/24 12:07
87,BlueDuiker,YS,PICT0323,10,NA,NA,1,NA,NA,2011/8/24 17:24
88,RedDuiker,YS,PICT0072,30,6.5,1,1,5.8,1,2011/8/3 10:18
88,RedDuiker,YS,PICT0083,10,NA,NA,0,NA,NA,2011/8/14 22:32
88,BlueDuiker,YS,PICT0096,10,NA,NA,1,NA,NA,2011/8/22 12:34
88,BlueDuiker,YS,PICT0098,10,NA,NA,1,NA,NA,2011/8/23 8:53
88,BlueDuiker,YS,PICT0101,10,NA,NA,1,NA,NA,2011/8/24 16:15
89,BlueDuiker,YS,PICT0035,30,14.4,1,0,NA,NA,2011/7/13 14:50
89,BlueDuiker,YS,PICT0045,30,5.1,1,0,NA,NA,2011/7/18 8:13
89,BlueDuiker,YS,PICT0061,30,5.1,1,1,4.6,1,2011/7/25 15:29
89,BlueDuiker,YS,PICT0067,10,NA,NA,1,3.5,1,2011/7/31 10:22
89,BlueDuiker,YS,PICT0069,10,NA,NA,1,2.1,1,2011/8/1 10:23
89,BlueDuiker,YS,PICT0072,10,NA,NA,1,NA,NA,2011/8/2 16:46
89,RedDuiker,YS,PICT0074,30,3.2,1,1,2.1,1,2011/8/3 14:54
89,BlueDuiker,YS,PICT0075,10,NA,NA,0,NA,NA,2011/8/3 17:00
89,BlueDuiker,YS,PICT0077,10,NA,NA,1,NA,NA,2011/8/5 6:27
89,BlueDuiker,YS,PICT0078,10,NA,NA,1,NA,NA,2011/8/5 11:35
89,BlueDuiker,YS,PICT0081,10,NA,NA,0,NA,NA,2011/8/6 16:02
89,BlueDuiker,YS,PICT0084,10,NA,NA,1,NA,NA,2011/8/8 16:28
89,BlueDuiker,YS,PICT0086,10,NA,NA,1,NA,NA,2011/8/12 12:21
89,BlueDuiker,YS,PICT0095,10,NA,NA,1,NA,NA,2011/8/16 16:12
89,RedDuiker,YS,PICT0097,10,NA,NA,0,NA,NA,2011/8/17 8:21
89,BlueDuiker,YS,PICT0100,10,NA,NA,1,NA,NA,2011/8/18 6:36
89,BlueDuiker,YS,PICT0101,10,NA,NA,1,NA,NA,2011/8/18 8:57
89,BlueDuiker,YS,PICT0102,10,NA,NA,1,NA,NA,2011/8/19 11:36
89,BlueDuiker,YS,PICT0103,10,NA,NA,0,NA,NA,2011/8/19 13:36
89,BlueDuiker,YS,PICT0107,10,NA,NA,0,NA,NA,2011/8/20 8:55
89,BlueDuiker,YS,PICT0108,10,NA,NA,1,NA,NA,2011/8/20 16:51
90,BlueDuiker,YS,PICT0049,10,NA,NA,1,NA,NA,2011/7/29 13:57
90,BlueDuiker,YS,PICT0060,10,NA,NA,0,NA,NA,2011/8/9 17:16
91,BlueDuiker,YS,PICT0058,30,4.1,1,1,1.6,1,2011/7/13 15:21
91,BlueDuiker,YS,PICT0062,30,11.5,1,0,NA,NA,2011/7/14 16:32
91,BlueDuiker,YS,PICT0113,10,NA,NA,0,NA,NA,2011/8/2 10:16
91,BlueDuiker,YS,PICT0142,10,NA,NA,1,3.7,1,2011/8/10 14:25
91,BlueDuiker,YS,PICT0145,10,NA,NA,1,NA,NA,2011/8/12 14:17
91,BlueDuiker,YS,PICT0148,10,NA,NA,1,NA,NA,2011/8/13 9:11
91,BlueDuiker,YS,PICT0154,10,NA,NA,1,NA,NA,2011/8/16 15:21
92,BlueDuiker,YS,PICT0089,30,15.4,1,1,5.6,1,2011/7/23 17:41
92,BlueDuiker,YS,PICT0105,10,NA,NA,0,NA,NA,2011/7/30 18:05
92,RedDuiker,YS,PICT0129,30,5.8,0,0,NA,NA,2011/8/8 17:08
92,RedDuiker,YS,PICT0132,10,NA,NA,0,NA,NA,2011/8/9 15:50
92,RedDuiker,YS,PICT0136,10,NA,NA,1,3.1,1,2011/8/11 16:59
92,RedDuiker,YS,PICT0137,10,NA,NA,1,NA,NA,2011/8/13 5:27
92,RedDuiker,YS,PICT0141,10,NA,NA,1,NA,NA,2011/8/14 12:35
92,RedDuiker,YS,PICT0144,10,NA,NA,0,NA,NA,2011/8/15 16:45
92,RedDuiker,YS,PICT0163,10,NA,NA,0,NA,NA,2011/8/26 14:30
93,BlueDuiker,YS,PICT0107,30,7.9,1,1,2.1,1,2011/7/13 7:03
93,BlueDuiker,YS,PICT0112,30,10,1,0,NA,NA,2011/7/16 11:41
93,BlueDuiker,YS,PICT0118,30,10.6,1,0,NA,NA,2011/7/17 13:51
93,BlueDuiker,YS,PICT0122,30,10.2,1,1,5.4,1,2011/7/18 12:00
93,BlueDuiker,YS,PICT0125,30,8.1,1,1,5.6,1,2011/7/19 11:02
93,BlueDuiker,YS,PICT0131,30,4.3,1,0,NA,NA,2011/7/23 11:50
93,BlueDuiker,YS,PICT0144,10,NA,NA,1,1.7,1,2011/7/28 11:23
93,BlueDuiker,YS,PICT0161,10,NA,NA,0,NA,NA,2011/8/4 10:18
93,BlueDuiker,YS,PICT0171,10,NA,NA,1,3.3,1,2011/8/8 10:14
93,BlueDuiker,YS,PICT0178,10,NA,NA,1,0.3,1,2011/8/12 9:09
93,BlueDuiker,YS,PICT0187,10,NA,NA,0,NA,NA,2011/8/17 14:42
93,BlueDuiker,YS,PICT0189,10,NA,NA,0,NA,NA,2011/8/19 8:18
93,BlueDuiker,YS,PICT0196,10,NA,NA,0,NA,NA,2011/8/20 15:38
93,BlueDuiker,YS,PICT0202,10,NA,NA,1,NA,NA,2011/8/23 8:53
94,RedDuiker,YS,PICT0134,10,NA,NA,1,NA,NA,2011/8/30 15:17
95,BlueDuiker,YS,PICT0095,30,16,1,1,5.2,1,2011/7/13 7:28
95,BlueDuiker,YS,PICT0100,30,3.2,1,0,NA,NA,2011/7/17 6:32
95,BlueDuiker,YS,PICT0105,30,2,1,0,NA,NA,2011/7/22 7:05
95,BlueDuiker,YS,PICT0118,10,NA,NA,0,NA,NA,2011/7/30 0:30
95,BlueDuiker,YS,PICT0131,10,NA,NA,0,NA,NA,2011/8/4 6:00
95,BlueDuiker,YS,PICT0134,10,NA,NA,0,NA,NA,2011/8/5 0:00
95,BlueDuiker,YS,PICT0154,10,NA,NA,1,8.9,1,2011/8/10 4:45
95,BlueDuiker,YS,PICT0157,10,NA,NA,1,1.2,1,2011/8/10 8:42
95,BlueDuiker,YS,PICT0158,10,NA,NA,0,NA,NA,2011/8/11 6:42
95,BlueDuiker,YS,PICT0170,10,NA,NA,1,NA,NA,2011/8/16 8:48
95,RedDuiker,YS,PICT0186,10,NA,NA,1,NA,NA,2011/8/24 10:30
95,RedDuiker,YS,PICT0196,10,NA,NA,0,NA,NA,2011/8/30 9:01
96,BlueDuiker,YS,PICT0100,10,NA,NA,1,NA,NA,2011/8/1 17:01
96,BlueDuiker,YS,PICT0120,10,NA,NA,0,NA,NA,2011/8/6 17:23
96,RedDuiker,YS,PICT0149,10,NA,NA,0,NA,NA,2011/8/23 11:36
97,BlueDuiker,YS,PICT0049,30,5.1,1,1,4.7,1,2011/7/16 15:54
97,BlueDuiker,YS,PICT0053,30,4.9,1,0,NA,NA,2011/7/17 16:29
97,BlueDuiker,YS,PICT0055,30,10,1,0,NA,NA,2011/7/18 8:16
97,BlueDuiker,YS,PICT0058,30,3.1,1,0,NA,NA,2011/7/20 13:54
97,BlueDuiker,YS,PICT0067,30,12.6,1,0,NA,NA,2011/7/23 15:44
97,BlueDuiker,YS,PICT0072,30,1,1,1,0.8,1,2011/7/24 7:42
97,BlueDuiker,YS,PICT0077,30,3.5,1,1,2,1,2011/7/25 9:06
97,BlueDuiker,YS,PICT0084,30,2,1,1,0.5,1,2011/7/26 15:08
97,BlueDuiker,YS,PICT0087,10,NA,NA,0,NA,NA,2011/7/27 16:43
97,BlueDuiker,YS,PICT0094,10,NA,NA,1,3.9,1,2011/7/30 7:49
97,BlueDuiker,YS,PICT0103,10,NA,NA,0,NA,NA,2011/7/31 13:59
97,BlueDuiker,YS,PICT0104,10,NA,NA,1,4.9,1,2011/7/31 16:34
97,BlueDuiker,YS,PICT0109,10,NA,NA,0,NA,NA,2011/8/2 12:45
97,BlueDuiker,YS,PICT0128,10,NA,NA,0,NA,NA,2011/8/6 16:36
97,RedDuiker,YS,PICT0129,30,12.6,1,1,3.3,1,2011/8/6 19:40
97,BlueDuiker,YS,PICT0133,10,NA,NA,0,NA,NA,2011/8/7 15:37
97,BlueDuiker,YS,PICT0164,10,NA,NA,0,NA,NA,2011/8/15 15:06
97,BlueDuiker,YS,PICT0168,10,NA,NA,0,NA,NA,2011/8/17 7:03
97,RedDuiker,YS,PICT0170,10,NA,NA,0,NA,NA,2011/8/17 8:05
97,BlueDuiker,YS,PICT0175,10,NA,NA,1,4.4,1,2011/8/18 15:42
97,BlueDuiker,YS,PICT0184,10,NA,NA,1,1,1,2011/8/20 8:42
97,BlueDuiker,YS,PICT0186,10,NA,NA,1,NA,NA,2011/8/20 14:41
97,BlueDuiker,YS,PICT0206,10,NA,NA,1,NA,NA,2011/8/23 8:08
97,RedDuiker,YS,PICT0212,10,NA,NA,1,10,0,2011/8/23 17:37
97,RedDuiker,YS,PICT0217,10,NA,NA,0,NA,NA,2011/8/24 14:59
98,BlueDuiker,YS,PICT0084,30,1.3,1,1,0.9,1,2011/7/21 8:34
98,BlueDuiker,YS,PICT0097,10,NA,NA,1,NA,NA,2011/7/27 7:59
98,BlueDuiker,YS,PICT0109,10,NA,NA,0,NA,NA,2011/8/2 13:13
98,RedDuiker,YS,PICT0110,30,18.7,1,0,NA,NA,2011/8/2 14:55
98,BlueDuiker,YS,PICT0122,10,NA,NA,0,NA,NA,2011/8/6 17:41
98,BlueDuiker,YS,PICT0124,10,NA,NA,1,NA,NA,2011/8/7 13:20
98,BlueDuiker,YS,PICT0132,10,NA,NA,1,NA,NA,2011/8/15 6:14
98,BlueDuiker,YS,PICT0148,10,NA,NA,0,NA,NA,2011/8/23 9:35
99,BlueDuiker,YS,PICT0073,30,12,1,1,4,1,2011/7/16 12:05
99,BlueDuiker,YS,PICT0085,10,NA,NA,1,NA,NA,2011/7/27 9:12
99,BlueDuiker,YS,PICT0088,10,NA,NA,0,NA,NA,2011/8/2 11:25
99,BlueDuiker,YS,PICT0096,10,NA,NA,0,NA,NA,2011/8/8 6:10
99,BlueDuiker,YS,PICT0097,10,NA,NA,0,NA,NA,2011/8/11 7:29
99,BlueDuiker,YS,PICT0098,10,NA,NA,1,NA,NA,2011/8/15 6:12
99,BlueDuiker,YS,PICT0100,10,NA,NA,1,NA,NA,2011/8/16 16:20
99,RedDuiker,YS,PICT0101,10,NA,NA,0,NA,NA,2011/8/17 16:23
99,BlueDuiker,YS,PICT0103,10,NA,NA,1,NA,NA,2011/8/18 17:21
99,BlueDuiker,YS,PICT0104,10,NA,NA,0,NA,NA,2011/8/20 17:55
99,BlueDuiker,YS,PICT0113,10,NA,NA,0,NA,NA,2011/8/26 14:45
99,BlueDuiker,YS,PICT0114,10,NA,NA,1,NA,NA,2011/8/26 17:48
99,BlueDuiker,YS,PICT0119,10,NA,NA,0,NA,NA,2011/8/28 18:04
99,BlueDuiker,YS,PICT0123,10,NA,NA,0,NA,NA,2011/8/30 6:45
99,BlueDuiker,YS,PICT0126,10,NA,NA,1,NA,NA,2011/8/31 6:38
100,RedDuiker,YS,PICT0059,30,14.8,1,0,NA,NA,2011/7/14 12:23
100,BlueDuiker,YS,PICT0064,30,4.3,1,0,NA,NA,2011/7/21 13:11
100,BlueDuiker,YS,PICT0066,30,5.8,1,1,2.1,1,2011/7/22 7:42
100,BlueDuiker,YS,PICT0068,30,4,1,0,NA,NA,2011/7/23 10:08
100,RedDuiker,YS,PICT0073,30,10.9,1,1,0.2,1,2011/7/28 0:25
100,BlueDuiker,YS,PICT0075,10,NA,NA,0,NA,NA,2011/7/29 17:22
100,BlueDuiker,YS,PICT0079,10,NA,NA,1,2.2,1,2011/8/1 13:31
100,BlueDuiker,YS,PICT0082,10,NA,NA,0,NA,NA,2011/8/2 11:35
100,BlueDuiker,YS,PICT0089,10,NA,NA,1,4.2,1,2011/8/7 14:22
100,BlueDuiker,YS,PICT0092,10,NA,NA,1,NA,NA,2011/8/8 9:34
100,BlueDuiker,YS,PICT0097,10,NA,NA,0,NA,NA,2011/8/15 6:12
100,BlueDuiker,YS,PICT0100,10,NA,NA,0,NA,NA,2011/8/20 17:54
100,BlueDuiker,YS,PICT0108,10,NA,NA,1,NA,NA,2011/8/26 6:28
100,RedDuiker,YS,PICT0112,10,NA,NA,1,10,0,2011/8/27 17:05
100,BlueDuiker,YS,PICT0114,10,NA,NA,1,NA,NA,2011/8/29 16:44
108,BlueDuiker,PR,PICT0053,30,1.1,1,1,0.4,1,2011/7/25 18:32
108,RedDuiker,PR,PICT0054,30,5.4,1,0,NA,NA,2011/7/27 15:16
108,RedDuiker,PR,PICT0069,10,NA,NA,1,0.6,1,2011/8/20 6:20
112,BlueDuiker,SW,PICT1027,30,2.2,1,1,2,1,2011/7/13 11:12
112,BlueDuiker,SW,PICT1043,30,6.2,1,0,NA,NA,2011/7/16 16:27
112,BlueDuiker,SW,PICT1064,30,5.2,1,0,NA,NA,2011/7/19 6:35
112,BlueDuiker,SW,PICT1073,30,2.4,1,1,1.3,1,2011/7/19 17:32
112,BlueDuiker,SW,PICT1083,30,10.4,1,0,NA,NA,2011/7/21 11:16
112,BlueDuiker,SW,PICT1088,30,3.3,1,1,0.3,1,2011/7/22 7:00
112,BlueDuiker,SW,PICT1158,10,NA,NA,0,NA,NA,2011/7/29 14:17
112,BlueDuiker,SW,PICT1177,10,NA,NA,0,NA,NA,2011/7/31 9:24
112,BlueDuiker,SW,PICT1179,10,NA,NA,0,NA,NA,2011/7/31 10:33
112,BlueDuiker,SW,PICT1181,10,NA,NA,1,9.1,1,2011/7/31 14:37
112,BlueDuiker,SW,PICT1191,10,NA,NA,0,NA,NA,2011/8/1 17:25
112,BlueDuiker,SW,PICT1194,10,NA,NA,1,7.2,1,2011/8/2 6:36
112,BlueDuiker,SW,PICT1200,10,NA,NA,0,NA,NA,2011/8/2 17:05
112,BlueDuiker,SW,PICT1220,10,NA,NA,1,5.5,1,2011/8/4 13:17
112,RedDuiker,SW,PICT1251,10,NA,NA,1,4.5,1,2011/8/7 9:28
112,BlueDuiker,SW,PICT1254,10,NA,NA,0,NA,NA,2011/8/7 14:21
112,BlueDuiker,SW,PICT1259,10,NA,NA,1,NA,NA,2011/8/8 8:31
112,BlueDuiker,SW,PICT1267,10,NA,NA,1,NA,NA,2011/8/9 7:21
112,BlueDuiker,SW,PICT1271,10,NA,NA,0,NA,NA,2011/8/9 11:16
112,BlueDuiker,SW,PICT1274,10,NA,NA,1,NA,NA,2011/8/9 16:39
112,BlueDuiker,SW,PICT1285,10,NA,NA,0,NA,NA,2011/8/10 14:10
112,BlueDuiker,SW,PICT1296,10,NA,NA,0,NA,NA,2011/8/11 15:24
112,BlueDuiker,SW,PICT1297,10,NA,NA,1,NA,NA,2011/8/11 17:28
112,BlueDuiker,SW,PICT1299,10,NA,NA,1,NA,NA,2011/8/12 6:14
112,BlueDuiker,SW,PICT1304,10,NA,NA,1,NA,NA,2011/8/12 16:31
112,BlueDuiker,SW,PICT1310,10,NA,NA,1,NA,NA,2011/8/14 12:55
112,BlueDuiker,SW,PICT1313,10,NA,NA,1,NA,NA,2011/8/15 6:56
112,BlueDuiker,SW,PICT1320,10,NA,NA,0,NA,NA,2011/8/15 13:20
112,BlueDuiker,SW,PICT1325,10,NA,NA,0,NA,NA,2011/8/16 7:40
112,BlueDuiker,SW,PICT1023 (2),10,NA,NA,1,NA,NA,2011/8/17 7:09
112,BlueDuiker,SW,PICT1062 (2),10,NA,NA,0,NA,NA,2011/8/29 13:58
112,BlueDuiker,SW,PICT1064 (2),10,NA,NA,1,NA,NA,2011/8/29 16:54
112,BlueDuiker,SW,PICT1067 (2),10,NA,NA,0,NA,NA,2011/8/30 6:43
118,BlueDuiker,SW,PICT0985,10,NA,NA,0,NA,NA,2011/8/8 6:33
118,BlueDuiker,SW,PICT1010,10,NA,NA,1,NA,NA,2011/8/28 6:04
121,BlueDuiker,GL,PICT0039,30,5.2,1,0,NA,NA,2011/7/18 17:20
121,BlueDuiker,GL,PICT0041,30,2.3,1,0,NA,NA,2011/7/24 11:27
121,BlueDuiker,GL,PICT0049,10,NA,NA,0,NA,NA,2011/8/2 16:38
121,BlueDuiker,GL,PICT0060,10,NA,NA,1,1.9,1,2011/8/15 6:22
121,BlueDuiker,GL,PICT0070,10,NA,NA,0,NA,NA,2011/8/17 16:26
121,BlueDuiker,GL,PICT0088,10,NA,NA,1,2.4,1,2011/8/22 16:22
121,BlueDuiker,GL,PICT0093,10,NA,NA,1,1.2,1,2011/8/23 9:08
122,BlueDuiker,GL,PICT0128,30,16,1,0,NA,NA,2011/7/14 8:09
122,BlueDuiker,GL,PICT0137,30,1.8,1,1,0.5,1,2011/7/18 10:57
122,BlueDuiker,GL,PICT0182,10,NA,NA,1,6.5,1,2011/8/8 6:32
122,BlueDuiker,GL,PICT0211,10,NA,NA,1,NA,NA,2011/8/27 6:27
123,BlueDuiker,GL,PICT0052,30,12.1,1,1,2.9,1,2011/7/13 7:44
123,BlueDuiker,GL,PICT0053,30,1.3,1,0,NA,NA,2011/7/14 14:54
123,RedDuiker,GL,PICT0062,30,20.3,1,1,9.2,1,2011/7/25 6:21
123,RedDuiker,GL,PICT0065,30,5.3,1,0,NA,NA,2011/7/26 14:13
123,BlueDuiker,GL,PICT0072,10,NA,NA,1,1.3,1,2011/7/29 7:03
123,BlueDuiker,GL,PICT0085,10,NA,NA,1,NA,NA,2011/8/13 16:19
123,BlueDuiker,GL,PICT0088,10,NA,NA,0,NA,NA,2011/8/15 11:52
123,BlueDuiker,GL,PICT0109,10,NA,NA,0,NA,NA,2011/8/31 5:41
124,BlueDuiker,GL,PICT0055,30,1.8,1,1,0.8,1,2011/7/15 16:23
124,BlueDuiker,GL,PICT0063,30,3.5,1,1,0.6,1,2011/7/20 5:18
124,BlueDuiker,GL,PICT0068,30,1.8,1,0,NA,NA,2011/7/23 12:21
124,RedDuiker,GL,PICT0077,30,3,1,1,0.9,1,2011/7/27 13:45
124,BlueDuiker,GL,PICT0097,10,NA,NA,1,4.2,1,2011/8/7 6:20
124,BlueDuiker,GL,PICT0115,10,NA,NA,0,NA,NA,2011/8/18 15:21
124,BlueDuiker,GL,PICT0117,10,NA,NA,0,NA,NA,2011/8/19 7:54
124,BlueDuiker,GL,PICT0119,10,NA,NA,1,NA,NA,2011/8/19 14:51
124,BlueDuiker,GL,PICT0130,10,NA,NA,0,NA,NA,2011/8/24 14:54
124,BlueDuiker,GL,PICT0140,10,NA,NA,0,NA,NA,2011/8/31 5:35
127,BlueDuiker,GL,PICT0042,30,1.9,1,0,NA,NA,2011/7/15 6:49
127,BlueDuiker,GL,PICT0074,10,NA,NA,1,3.5,1,2011/8/6 9:19
127,BlueDuiker,GL,PICT0086,10,NA,NA,1,NA,NA,2011/8/18 10:59
128,BlueDuiker,GL,PICT0054,30,1.7,1,1,0.8,1,2011/7/13 9:41
128,BlueDuiker,GL,PICT0064,30,1.2,1,0,NA,NA,2011/7/18 10:31
128,BlueDuiker,GL,PICT0069,30,2.8,1,1,0.9,1,2011/7/22 11:15
128,BlueDuiker,GL,PICT0071,30,30,1,0,NA,NA,2011/7/23 15:04
128,BlueDuiker,GL,PICT0087,10,NA,NA,0,NA,NA,2011/7/30 7:54
128,BlueDuiker,GL,PICT0097,10,NA,NA,0,NA,NA,2011/8/3 9:30
128,BlueDuiker,GL,PICT0098,10,NA,NA,1,2.8,1,2011/8/3 13:14
128,BlueDuiker,GL,PICT0100,10,NA,NA,1,10,0,2011/8/3 16:26
128,BlueDuiker,GL,PICT0111,10,NA,NA,0,NA,NA,2011/8/7 6:38
128,BlueDuiker,GL,PICT0124,10,NA,NA,1,NA,NA,2011/8/12 15:07
128,BlueDuiker,GL,PICT0136,10,NA,NA,1,NA,NA,2011/8/17 7:25
128,BlueDuiker,GL,PICT0140,10,NA,NA,1,NA,NA,2011/8/19 14:34
128,BlueDuiker,GL,PICT0157,10,NA,NA,1,NA,NA,2011/8/25 9:41
128,BlueDuiker,GL,PICT0162,10,NA,NA,0,NA,NA,2011/8/28 10:35
129,BlueDuiker,GL,PICT0055,30,4.3,1,0,NA,NA,2011/7/13 13:10
129,BlueDuiker,GL,PICT0057,30,7.3,1,1,2.3,1,2011/7/15 14:32
129,BlueDuiker,GL,PICT0066,30,9.1,1,1,3.3,1,2011/7/19 15:11
129,BlueDuiker,GL,PICT0084,10,NA,NA,0,NA,NA,2011/7/30 10:10
129,BlueDuiker,GL,PICT0095,10,NA,NA,1,1.1,1,2011/8/8 11:24
129,BlueDuiker,GL,PICT0103,10,NA,NA,0,NA,NA,2011/8/12 14:15
129,BlueDuiker,GL,PICT0117,10,NA,NA,1,NA,NA,2011/8/24 15:54
130,BlueDuiker,GL,PICT0068,30,6.8,1,0,NA,NA,2011/7/13 16:22
130,BlueDuiker,GL,PICT0070,30,7,1,1,3.7,1,2011/7/14 7:45
130,BlueDuiker,GL,PICT0079,30,5.7,1,1,3,1,2011/7/18 8:13
130,BlueDuiker,GL,PICT0098,10,NA,NA,0,NA,NA,2011/7/30 11:52
130,BlueDuiker,GL,PICT0101,10,NA,NA,0,NA,NA,2011/7/31 12:34
130,BlueDuiker,GL,PICT0108,10,NA,NA,1,2.5,1,2011/8/4 12:17
130,BlueDuiker,GL,PICT0114,10,NA,NA,1,NA,NA,2011/8/11 14:12
130,RedDuiker,GL,PICT0118,10,NA,NA,1,2.8,1,2011/8/18 15:31
130,BlueDuiker,GL,PICT0126,10,NA,NA,0,NA,NA,2011/8/25 14:42
130,BlueDuiker,GL,PICT0136,10,NA,NA,0,NA,NA,2011/8/29 12:40
131,BlueDuiker,SW,PICT0108,10,NA,NA,0,NA,NA,2011/8/12 18:11
131,RedDuiker,SW,PICT0133,10,NA,NA,1,NA,NA,2011/8/31 6:33
132,BlueDuiker,SW,PICT0178,10,NA,NA,1,NA,NA,2011/8/16 6:08
132,BlueDuiker,SW,PICT0197,10,NA,NA,1,NA,NA,2011/8/24 15:06
132,BlueDuiker,SW,PICT0213,10,NA,NA,1,NA,NA,2011/8/30 18:17
133,RedDuiker,SW,PICT0050,30,5,1,0,NA,NA,2011/7/19 14:46
133,BlueDuiker,SW,PICT0077,30,2.7,1,1,1,1,2011/7/27 10:06
133,BlueDuiker,SW,PICT0094,10,NA,NA,1,NA,NA,2011/8/5 9:58
133,BlueDuiker,SW,PICT0096,10,NA,NA,0,NA,NA,2011/8/7 6:23
133,RedDuiker,SW,PICT0098,10,NA,NA,1,1.4,1,2011/8/7 18:16
133,BlueDuiker,SW,PICT0103,10,NA,NA,0,NA,NA,2011/8/9 17:16
133,RedDuiker,SW,PICT0108,10,NA,NA,0,NA,NA,2011/8/11 7:14
134,BlueDuiker,SW,PICT0069,30,13.3,1,0,NA,NA,2011/7/14 18:26
134,BlueDuiker,SW,PICT0075,30,8.5,1,0,NA,NA,2011/7/19 18:18
134,RedDuiker,SW,PICT0083,30,3.3,1,0,NA,NA,2011/7/24 9:54
134,BlueDuiker,SW,PICT0102,10,NA,NA,0,NA,NA,2011/7/29 15:18
134,BlueDuiker,SW,PICT0106,10,NA,NA,1,0.7,1,2011/7/30 6:51
134,RedDuiker,SW,PICT0118,30,2.2,0,0,NA,NA,2011/7/30 10:43
134,BlueDuiker,SW,PICT0114,10,NA,NA,1,4.2,1,2011/8/3 13:12
134,RedDuiker,SW,PICT0122,10,NA,NA,1,6.8,1,2011/8/5 8:05
134,RedDuiker,SW,PICT0124,10,NA,NA,1,4,1,2011/8/5 9:14
134,RedDuiker,SW,PICT0127,10,NA,NA,0,NA,NA,2011/8/7 13:19
134,BlueDuiker,SW,PICT0150,10,NA,NA,1,NA,NA,2011/8/13 18:20
134,RedDuiker,SW,PICT0156,10,NA,NA,1,NA,NA,2011/8/15 8:19
134,BlueDuiker,SW,PICT0163,10,NA,NA,1,NA,NA,2011/8/15 18:25
134,RedDuiker,SW,PICT0172,10,NA,NA,0,NA,NA,2011/8/16 16:03
134,BlueDuiker,SW,PICT0173,10,NA,NA,1,NA,NA,2011/8/16 17:45
134,BlueDuiker,SW,PICT0204,10,NA,NA,0,NA,NA,2011/8/21 12:47
134,BlueDuiker,SW,PICT0211,10,NA,NA,0,NA,NA,2011/8/23 8:00
134,RedDuiker,SW,PICT0215,10,NA,NA,0,NA,NA,2011/8/23 12:52
134,RedDuiker,SW,PICT0304,10,NA,NA,1,NA,NA,2011/8/28 8:24
134,BlueDuiker,SW,PICT0318,10,NA,NA,0,NA,NA,2011/8/29 14:24
134,BlueDuiker,SW,PICT0336,10,NA,NA,1,NA,NA,2011/8/31 15:51
136,BlueDuiker,SW,PICT0098,30,4.1,1,1,2.9,1,2011/7/14 18:24
136,BlueDuiker,SW,PICT0107,30,4,1,0,NA,NA,2011/7/18 10:16
136,BlueDuiker,SW,PICT0109,30,2.8,1,0,NA,NA,2011/7/19 7:17
136,BlueDuiker,SW,PICT0144,10,NA,NA,0,NA,NA,2011/8/1 10:50
136,BlueDuiker,SW,PICT0146,10,NA,NA,0,NA,NA,2011/8/1 17:42
136,BlueDuiker,SW,PICT0189,10,NA,NA,0,NA,NA,2011/8/11 8:41
136,BlueDuiker,SW,PICT0196,10,NA,NA,1,2,1,2011/8/12 17:10
136,BlueDuiker,SW,PICT0201,10,NA,NA,1,0.4,1,2011/8/13 9:52
136,BlueDuiker,SW,PICT0237,10,NA,NA,1,5.1,1,2011/8/18 17:50
136,BlueDuiker,SW,PICT0248,10,NA,NA,1,4.2,1,2011/8/20 6:25
136,BlueDuiker,SW,PICT0257,10,NA,NA,1,9.1,1,2011/8/21 17:27
136,BlueDuiker,SW,PICT0280,10,NA,NA,0,NA,NA,2011/8/26 17:01
136,BlueDuiker,SW,PICT0289,10,NA,NA,1,NA,NA,2011/8/28 8:37
136,RedDuiker,SW,PICT0298,10,NA,NA,0,NA,NA,2011/8/30 1:42
137,BlueDuiker,SW,PICT0085,30,6.6,1,0,NA,NA,2011/7/20 15:18
137,BlueDuiker,SW,PICT0086,30,4.6,1,1,1.8,1,2011/7/20 17:07
137,BlueDuiker,SW,PICT0105,30,2.5,1,0,NA,NA,2011/7/26 8:03
137,BlueDuiker,SW,PICT0112,30,1.6,1,0,NA,NA,2011/7/27 12:15
137,RedDuiker,SW,PICT0199,10,NA,NA,0,NA,NA,2011/8/27 8:28
137,RedDuiker,SW,PICT0215,10,NA,NA,1,NA,NA,2011/8/30 22:21
138,BlueDuiker,SW,PICT0064,30,30,0,1,21.8,1,2011/7/16 8:25
138,BlueDuiker,SW,PICT0066,30,2.4,1,0,NA,NA,2011/7/16 12:35
138,BlueDuiker,SW,PICT0067,30,17.5,1,0,NA,NA,2011/7/16 16:40
138,BlueDuiker,SW,PICT0069,30,6.6,1,0,NA,NA,2011/7/18 10:17
138,BlueDuiker,SW,PICT0071,30,27,0,1,12,1,2011/7/21 8:57
138,RedDuiker,SW,PICT0073,30,3.6,1,0,NA,NA,2011/7/22 12:25
138,BlueDuiker,SW,PICT0081,30,4,1,0,NA,NA,2011/7/26 17:14
138,BlueDuiker,SW,PICT0093,10,NA,NA,1,10,0,2011/8/1 15:31
138,BlueDuiker,SW,PICT0094,10,NA,NA,1,0.9,1,2011/8/2 8:35
138,BlueDuiker,SW,PICT0095,10,NA,NA,1,2.4,1,2011/8/2 17:33
138,BlueDuiker,SW,PICT0102,10,NA,NA,0,NA,NA,2011/8/8 12:38
138,BlueDuiker,SW,PICT0104,10,NA,NA,0,NA,NA,2011/8/9 16:35
138,BlueDuiker,SW,PICT0110,10,NA,NA,1,5.9,1,2011/8/17 6:48
138,BlueDuiker,SW,PICT0115,10,NA,NA,1,NA,NA,2011/8/18 16:49
138,BlueDuiker,SW,PICT0122,10,NA,NA,1,NA,NA,2011/8/22 10:18
138,RedDuiker,SW,PICT0125,10,NA,NA,1,0.5,1,2011/8/24 17:44
138,BlueDuiker,SW,PICT0126,10,NA,NA,1,NA,NA,2011/8/25 13:57
138,RedDuiker,SW,PICT0129,10,NA,NA,0,NA,NA,2011/8/27 17:08
139,BlueDuiker,SW,PICT0057,30,2.2,1,0,NA,NA,2011/7/13 8:23
139,BlueDuiker,SW,PICT0062,30,1,1,1,0.6,1,2011/7/15 7:27
139,BlueDuiker,SW,PICT0074,30,2.7,1,1,1.3,1,2011/7/23 12:18
139,BlueDuiker,SW,PICT0080,30,1.7,1,0,NA,NA,2011/7/26 17:15
139,BlueDuiker,SW,PICT0089,10,NA,NA,0,NA,NA,2011/7/30 16:03
139,BlueDuiker,SW,PICT0090,10,NA,NA,0,NA,NA,2011/8/1 15:39
139,BlueDuiker,SW,PICT0092,10,NA,NA,1,8.2,1,2011/8/2 17:01
139,BlueDuiker,SW,PICT0097,10,NA,NA,1,8,0,2011/8/3 7:24
139,BlueDuiker,SW,PICT0105,10,NA,NA,1,9.6,1,2011/8/5 11:21
139,RedDuiker,SW,PICT0109,10,NA,NA,0,NA,NA,2011/8/6 17:03
139,BlueDuiker,SW,PICT0111,10,NA,NA,1,NA,NA,2011/8/7 12:37
139,RedDuiker,SW,PICT0114,10,NA,NA,0,NA,NA,2011/8/8 11:33
139,RedDuiker,SW,PICT0115,10,NA,NA,1,NA,NA,2011/8/8 11:43
139,RedDuiker,SW,PICT0116,10,NA,NA,1,NA,NA,2011/8/8 20:30
139,BlueDuiker,SW,PICT0123,10,NA,NA,1,NA,NA,2011/8/10 10:51
139,BlueDuiker,SW,PICT0133,10,NA,NA,1,NA,NA,2011/8/14 6:59
139,BlueDuiker,SW,PICT0140,10,NA,NA,0,NA,NA,2011/8/17 16:38
139,BlueDuiker,SW,PICT0151,10,NA,NA,1,NA,NA,2011/8/20 13:42
139,BlueDuiker,SW,PICT0153,10,NA,NA,0,NA,NA,2011/8/21 8:50
139,BlueDuiker,SW,PICT0160,10,NA,NA,1,NA,NA,2011/8/26 12:04
139,RedDuiker,SW,PICT0160,10,NA,NA,0,NA,NA,2011/8/26 12:04
140,BlueDuiker,SW,PICT0075,30,9.3,1,1,8.2,1,2011/7/15 13:36
140,RedDuiker,SW,PICT0080,30,4.6,1,0,NA,NA,2011/7/18 7:36
140,BlueDuiker,SW,PICT0083,30,10.5,1,0,NA,NA,2011/7/22 6:58
140,BlueDuiker,SW,PICT0086,30,7.6,1,0,NA,NA,2011/7/23 11:01
140,BlueDuiker,SW,PICT0088,30,3.4,1,1,0.7,1,2011/7/24 9:24
140,BlueDuiker,SW,PICT0097,30,9.6,1,0,NA,NA,2011/7/26 6:21
140,BlueDuiker,SW,PICT0103,30,8.1,1,0,NA,NA,2011/7/27 14:26
140,RedDuiker,SW,PICT0105,30,7.4,1,0,NA,NA,2011/7/29 9:21
140,BlueDuiker,SW,PICT0106,10,NA,NA,0,NA,NA,2011/7/29 12:32
140,BlueDuiker,SW,PICT0107,10,NA,NA,1,6.1,1,2011/7/30 8:07
140,RedDuiker,SW,PICT0122,10,NA,NA,1,7.7,1,2011/8/5 21:54
140,RedDuiker,SW,PICT0123,10,NA,NA,0,NA,NA,2011/8/5 21:57
140,RedDuiker,SW,PICT0124,10,NA,NA,0,NA,NA,2011/8/5 22:01
140,RedDuiker,SW,PICT0125,10,NA,NA,0,NA,NA,2011/8/5 22:04
140,RedDuiker,SW,PICT0126,10,NA,NA,1,0.1,1,2011/8/5 22:07
140,BlueDuiker,SW,PICT0133,10,NA,NA,1,3.3,1,2011/8/6 14:19
140,BlueDuiker,SW,PICT0135,10,NA,NA,1,4,1,2011/8/6 16:23
140,RedDuiker,SW,PICT0145,10,NA,NA,0,NA,NA,2011/8/11 9:34
141,BlueDuiker,OS,PICT0142,10,NA,NA,1,1,1,2011/8/1 13:50
141,BlueDuiker,OS,PICT0147,10,NA,NA,0,NA,NA,2011/8/6 10:28
141,RedDuiker,OS,PICT0150,10,NA,NA,1,NA,NA,2011/8/8 17:30
141,BlueDuiker,OS,PICT0153,10,NA,NA,1,NA,NA,2011/8/11 8:36
141,BlueDuiker,OS,PICT0157,10,NA,NA,0,NA,NA,2011/8/14 18:02
141,BlueDuiker,OS,PICT0159,10,NA,NA,0,NA,NA,2011/8/16 8:11
141,BlueDuiker,OS,PICT0171,10,NA,NA,1,NA,NA,2011/8/18 13:47
141,BlueDuiker,OS,PICT0181,10,NA,NA,1,NA,NA,2011/8/26 15:13
141,RedDuiker,OS,PICT0188,10,NA,NA,1,NA,NA,2011/8/27 13:14
141,BlueDuiker,OS,PICT0195,10,NA,NA,1,NA,NA,2011/8/29 17:40
142,BlueDuiker,OS,PICT0064,30,1.2,1,0,NA,NA,2011/7/14 14:16
142,BlueDuiker,OS,PICT0089,10,NA,NA,1,2.1,1,2011/7/28 9:34
142,BlueDuiker,OS,PICT0100,10,NA,NA,1,NA,NA,2011/8/4 8:21
142,BlueDuiker,OS,PICT0142,10,NA,NA,0,NA,NA,2011/8/16 8:15
142,RedDuiker,OS,PICT0176,10,NA,NA,1,NA,NA,2011/8/25 21:43
142,RedDuiker,OS,PICT0192,10,NA,NA,1,NA,NA,2011/8/27 13:13
142,BlueDuiker,OS,PICT0199,10,NA,NA,0,NA,NA,2011/8/29 17:39
143,BlueDuiker,OS,PICT0109,30,9.3,1,1,2.3,1,2011/7/16 17:36
143,BlueDuiker,OS,PICT0120,30,6.6,1,0,NA,NA,2011/7/20 17:13
143,RedDuiker,OS,PICT0130,30,14.5,1,1,11.4,1,2011/7/23 10:29
143,RedDuiker,OS,PICT0137,10,NA,NA,0,NA,NA,2011/7/27 12:12
143,RedDuiker,OS,PICT0146,10,NA,NA,1,NA,NA,2011/7/30 12:36
143,RedDuiker,OS,PICT0148,10,NA,NA,0,NA,NA,2011/7/31 18:23
143,RedDuiker,OS,PICT0149,10,NA,NA,0,NA,NA,2011/7/31 18:26
143,RedDuiker,OS,PICT0155,10,NA,NA,1,NA,NA,2011/8/2 10:54
143,BlueDuiker,OS,PICT0156,10,NA,NA,0,NA,NA,2011/8/2 13:25
143,BlueDuiker,OS,PICT0157,10,NA,NA,1,0.2,1,2011/8/2 17:32
143,BlueDuiker,OS,PICT0167,10,NA,NA,1,NA,NA,2011/8/5 18:00
143,RedDuiker,OS,PICT0168,10,NA,NA,1,NA,NA,2011/8/6 9:15
143,RedDuiker,OS,PICT0169,10,NA,NA,1,NA,NA,2011/8/6 10:26
143,RedDuiker,OS,PICT0194,10,NA,NA,1,NA,NA,2011/8/11 10:02
143,BlueDuiker,OS,PICT0195,10,NA,NA,1,NA,NA,2011/8/11 16:13
143,BlueDuiker,OS,PICT0199,10,NA,NA,0,NA,NA,2011/8/13 17:24
143,BlueDuiker,OS,PICT0202,10,NA,NA,0,NA,NA,2011/8/15 13:24
143,BlueDuiker,OS,PICT0207,10,NA,NA,0,NA,NA,2011/8/16 12:16
143,RedDuiker,OS,PICT0215,10,NA,NA,1,NA,NA,2011/8/18 8:51
143,BlueDuiker,OS,PICT0219,10,NA,NA,1,NA,NA,2011/8/19 14:15
143,BlueDuiker,OS,PICT0223,10,NA,NA,0,NA,NA,2011/8/21 17:35
143,RedDuiker,OS,PICT0235,10,NA,NA,1,NA,NA,2011/8/26 7:24
143,BlueDuiker,OS,PICT0238,10,NA,NA,1,NA,NA,2011/8/26 17:57
144,BlueDuiker,OS,PICT0086,30,7.9,1,0,NA,NA,2011/7/14 16:25
144,BlueDuiker,OS,PICT0097,30,0.6,1,1,0.2,1,2011/7/18 6:50
144,RedDuiker,OS,PICT0105,30,2.2,1,0,NA,NA,2011/7/19 9:27
144,RedDuiker,OS,PICT0106,30,27.4,1,0,NA,NA,2011/7/19 9:31
144,RedDuiker,OS,PICT0123,30,5.2,1,1,2.5,1,2011/7/24 12:53
144,BlueDuiker,OS,PICT0126,30,24,1,1,21.9,1,2011/7/24 17:45
144,BlueDuiker,OS,PICT0127,10,NA,NA,0,NA,NA,2011/7/25 6:49
144,RedDuiker,OS,PICT0147,10,NA,NA,1,3.6,1,2011/7/28 11:34
144,BlueDuiker,OS,PICT0164,10,NA,NA,0,NA,NA,2011/7/31 14:32
144,RedDuiker,OS,PICT0168,10,NA,NA,0,NA,NA,2011/8/1 9:45
144,RedDuiker,OS,PICT0186,10,NA,NA,1,8.5,1,2011/8/4 10:10
144,BlueDuiker,OS,PICT0189,10,NA,NA,1,8.5,1,2011/8/5 13:57
144,BlueDuiker,OS,PICT0204,10,NA,NA,0,NA,NA,2011/8/9 9:39
144,BlueDuiker,OS,PICT0207,10,NA,NA,1,3.6,1,2011/8/9 12:50
144,RedDuiker,OS,PICT0212,10,NA,NA,0,NA,NA,2011/8/10 10:22
144,BlueDuiker,OS,PICT0220,10,NA,NA,0,NA,NA,2011/8/13 9:29
144,RedDuiker,OS,PICT0238,10,NA,NA,1,NA,NA,2011/8/17 16:35
144,BlueDuiker,OS,PICT0240,10,NA,NA,0,NA,NA,2011/8/18 10:29
144,RedDuiker,OS,PICT0245,10,NA,NA,1,NA,NA,2011/8/18 14:41
144,RedDuiker,OS,PICT0280,10,NA,NA,0,NA,NA,2011/8/26 12:06
145,RedDuiker,OS,PICT0086,30,4.1,1,0,NA,NA,2011/7/19 9:39
145,BlueDuiker,OS,PICT0088,30,5.7,1,0,NA,NA,2011/7/20 7:11
145,BlueDuiker,OS,PICT0091,30,4.3,1,0,NA,NA,2011/7/20 16:04
145,BlueDuiker,OS,PICT0092,30,0.7,1,1,0.5,1,2011/7/20 17:12
145,BlueDuiker,OS,PICT0110,10,NA,NA,0,NA,NA,2011/7/26 13:16
145,BlueDuiker,OS,PICT0117,10,NA,NA,1,11.8,1,2011/7/27 16:25
145,BlueDuiker,OS,PICT0133,10,NA,NA,1,1.2,1,2011/8/1 10:54
145,BlueDuiker,OS,PICT0134,10,NA,NA,1,NA,NA,2011/8/2 8:41
145,RedDuiker,OS,PICT0141,10,NA,NA,1,5.5,1,2011/8/5 11:15
145,RedDuiker,OS,PICT0146,10,NA,NA,1,NA,NA,2011/8/6 14:25
145,BlueDuiker,OS,PICT0158,10,NA,NA,0,NA,NA,2011/8/10 8:45
145,RedDuiker,OS,PICT0161,10,NA,NA,1,NA,NA,2011/8/11 10:30
145,BlueDuiker,OS,PICT0164,10,NA,NA,0,NA,NA,2011/8/12 7:42
145,BlueDuiker,OS,PICT0166,10,NA,NA,0,NA,NA,2011/8/13 15:19
145,BlueDuiker,OS,PICT0169,10,NA,NA,0,NA,NA,2011/8/14 14:15
145,BlueDuiker,OS,PICT0176,10,NA,NA,0,NA,NA,2011/8/16 1:37
145,BlueDuiker,OS,PICT0184,10,NA,NA,1,NA,NA,2011/8/19 7:27
145,BlueDuiker,OS,PICT0186,10,NA,NA,0,NA,NA,2011/8/20 8:10
145,BlueDuiker,OS,PICT0207,10,NA,NA,1,NA,NA,2011/8/25 8:56
145,BlueDuiker,OS,PICT0212,10,NA,NA,0,NA,NA,2011/8/27 13:03
145,BlueDuiker,OS,PICT0213,10,NA,NA,1,NA,NA,2011/8/27 15:33
147,RedDuiker,OS,PICT0060,30,7.8,1,1,3.1,1,2011/7/20 11:46
147,RedDuiker,OS,PICT0066,10,NA,NA,1,NA,NA,2011/7/28 13:28
147,BlueDuiker,OS,PICT0067,10,NA,NA,0,NA,NA,2011/7/29 8:01
148,BlueDuiker,OS,PICT0079,30,19.9,1,0,NA,NA,2011/7/16 17:23
148,BlueDuiker,OS,PICT0082,30,0.5,1,1,0.4,1,2011/7/18 12:34
148,BlueDuiker,OS,PICT0083,30,5.3,1,0,NA,NA,2011/7/19 10:14
148,BlueDuiker,OS,PICT0084,30,6.9,1,0,NA,NA,2011/7/19 17:28
148,BlueDuiker,OS,PICT0093,10,NA,NA,0,NA,NA,2011/7/25 17:14
148,BlueDuiker,OS,PICT0105,10,NA,NA,1,0.1,1,2011/8/5 13:46
148,BlueDuiker,OS,PICT0132,10,NA,NA,1,8.4,1,2011/8/17 16:17
148,BlueDuiker,OS,PICT0147,10,NA,NA,0,NA,NA,2011/8/23 16:23
148,RedDuiker,OS,PICT0154,10,NA,NA,1,NA,NA,2011/8/25 12:51
148,RedDuiker,OS,PICT0166,10,NA,NA,1,NA,NA,2011/8/31 11:18
149,BlueDuiker,OS,PICT0077,30,10.7,1,1,6.1,1,2011/7/20 15:30
149,BlueDuiker,OS,PICT0098,10,NA,NA,0,NA,NA,2011/8/3 7:39
149,RedDuiker,OS,PICT0153,10,NA,NA,1,NA,NA,2011/8/31 11:19
150,RedDuiker,OS,PICT0046,30,2,1,0,NA,NA,2011/7/16 13:22
150,RedDuiker,OS,PICT0058,10,NA,NA,1,9.5,1,2011/7/25 10:05
150,RedDuiker,OS,PICT0074,10,NA,NA,0,NA,NA,2011/8/4 10:36
150,RedDuiker,OS,PICT0078,10,NA,NA,1,10,0,2011/8/6 10:43
150,RedDuiker,OS,PICT0081,10,NA,NA,1,1.9,1,2011/8/7 9:55
150,BlueDuiker,OS,PICT0101,10,NA,NA,0,NA,NA,2011/8/16 6:16
150,RedDuiker,OS,PICT0103,10,NA,NA,1,2.7,1,2011/8/18 11:02
150,BlueDuiker,OS,PICT0123,10,NA,NA,1,0.1,1,2011/8/24 17:14
150,RedDuiker,OS,PICT0144,10,NA,NA,1,NA,NA,2011/8/31 12:43
152,BlueDuiker,PR,PICT0043,30,13.2,0,1,11.1,1,2011/7/14 8:47
152,BlueDuiker,PR,PICT0048,30,3.2,1,0,NA,NA,2011/7/17 7:44
152,BlueDuiker,PR,PICT0060,30,6.4,1,0,NA,NA,2011/7/20 13:11
152,BlueDuiker,PR,PICT0062,30,5.1,1,1,3.9,1,2011/7/21 11:15
152,RedDuiker,PR,PICT0064,30,7.8,1,0,NA,NA,2011/7/21 17:50
152,BlueDuiker,PR,PICT0079,30,4.4,1,0,NA,NA,2011/7/26 18:09
152,BlueDuiker,PR,PICT0084,30,7,1,1,2.5,1,2011/7/27 17:41
152,BlueDuiker,PR,PICT0101,10,NA,NA,0,NA,NA,2011/8/1 10:07
152,BlueDuiker,PR,PICT0102,10,NA,NA,0,NA,NA,2011/8/1 14:01
152,BlueDuiker,PR,PICT0109,10,NA,NA,1,1,1,2011/8/3 11:25
152,RedDuiker,PR,PICT0115,10,NA,NA,1,3,0,2011/8/5 16:29
152,BlueDuiker,PR,PICT0122,10,NA,NA,1,4.2,1,2011/8/7 16:31
152,BlueDuiker,PR,PICT0126,10,NA,NA,0,NA,NA,2011/8/8 16:36
152,BlueDuiker,PR,PICT0131,10,NA,NA,1,1.2,1,2011/8/10 11:53
152,BlueDuiker,PR,PICT0137,10,NA,NA,1,NA,NA,2011/8/12 10:42
152,BlueDuiker,PR,PICT0140,10,NA,NA,1,NA,NA,2011/8/14 17:30
152,BlueDuiker,PR,PICT0146,10,NA,NA,0,NA,NA,2011/8/16 14:43
152,BlueDuiker,PR,PICT0150,10,NA,NA,1,NA,NA,2011/8/19 7:26
152,RedDuiker,PR,PICT0163,10,NA,NA,1,NA,NA,2011/8/20 18:05
152,BlueDuiker,PR,PICT0173,10,NA,NA,1,NA,NA,2011/8/24 7:17
152,RedDuiker,PR,PICT0182,10,NA,NA,0,NA,NA,2011/8/27 12:48
152,RedDuiker,PR,PICT0185,10,NA,NA,1,NA,NA,2011/8/28 7:00
152,BlueDuiker,PR,PICT0187,10,NA,NA,1,NA,NA,2011/8/29 13:14
152,BlueDuiker,PR,PICT0189,10,NA,NA,1,NA,NA,2011/8/30 10:02
152,BlueDuiker,PR,PICT0190,10,NA,NA,1,NA,NA,2011/8/30 12:25
152,BlueDuiker,PR,PICT0195,10,NA,NA,1,NA,NA,2011/8/31 7:19
153,BlueDuiker,PR,PICT0064,30,5.7,1,0,NA,NA,2011/7/16 14:47
153,BlueDuiker,PR,PICT0071,30,7,1,1,3.3,1,2011/7/18 17:31
153,BlueDuiker,PR,PICT0073,30,3.7,1,0,NA,NA,2011/7/19 15:11
153,BlueDuiker,PR,PICT0081,30,10.2,1,0,NA,NA,2011/7/23 8:37
153,RedDuiker,PR,PICT0091,30,2.7,1,1,0.1,1,2011/7/25 6:58
153,BlueDuiker,PR,PICT0093,30,2.6,1,1,1.9,1,2011/7/25 14:11
153,RedDuiker,PR,PICT0095,30,6.3,1,0,NA,NA,2011/7/27 6:52
153,RedDuiker,PR,PICT0104,10,NA,NA,1,0.8,1,2011/7/31 6:42
153,BlueDuiker,PR,PICT0106,10,NA,NA,0,NA,NA,2011/7/31 14:49
153,RedDuiker,PR,PICT0110,10,NA,NA,0,NA,NA,2011/8/2 7:03
153,BlueDuiker,PR,PICT0111,10,NA,NA,1,1.2,1,2011/8/2 13:16
153,BlueDuiker,PR,PICT0113,10,NA,NA,1,1.9,1,2011/8/3 7:02
153,RedDuiker,PR,PICT0114,10,NA,NA,1,NA,NA,2011/8/4 6:39
153,BlueDuiker,PR,PICT0123,10,NA,NA,0,NA,NA,2011/8/6 7:49
153,RedDuiker,PR,PICT0125,10,NA,NA,0,NA,NA,2011/8/7 6:32
153,BlueDuiker,PR,PICT0127,10,NA,NA,1,1.6,1,2011/8/8 11:17
153,BlueDuiker,PR,PICT0146,10,NA,NA,0,NA,NA,2011/8/29 13:11
153,RedDuiker,PR,PICT0149,10,NA,NA,1,NA,NA,2011/8/30 6:27
154,RedDuiker,PR,PICT0076,10,NA,NA,0,NA,NA,2011/8/26 8:53
155,BlueDuiker,PR,PICT0041,30,1.3,1,0,NA,NA,2011/7/13 13:28
155,BlueDuiker,PR,PICT0046,30,1,1,0,NA,NA,2011/7/16 15:39
155,BlueDuiker,PR,PICT0053,30,2.7,1,0,NA,NA,2011/7/20 9:43
155,BlueDuiker,PR,PICT0061,30,3.1,1,0,NA,NA,2011/7/22 10:55
155,BlueDuiker,PR,PICT0068,30,4.5,1,1,4.2,1,2011/7/23 9:14
155,BlueDuiker,PR,PICT0069,30,5,1,0,NA,NA,2011/7/23 18:17
155,BlueDuiker,PR,PICT0072,30,30,0,1,2.7,1,2011/7/24 8:37
155,BlueDuiker,PR,PICT0076,30,15.5,1,1,8.7,1,2011/7/25 13:14
155,BlueDuiker,PR,PICT0081,30,3.8,1,0,NA,NA,2011/7/26 10:59
155,BlueDuiker,PR,PICT0084,30,6.2,1,1,3.4,1,2011/7/27 11:26
155,BlueDuiker,PR,PICT0087,10,NA,NA,1,2.4,1,2011/7/29 9:40
155,BlueDuiker,PR,PICT0088,10,NA,NA,1,1.9,1,2011/7/29 12:29
155,BlueDuiker,PR,PICT0092,10,NA,NA,1,0.9,1,2011/7/30 11:02
155,BlueDuiker,PR,PICT0095,10,NA,NA,1,2.4,1,2011/7/31 8:50
155,BlueDuiker,PR,PICT0096,10,NA,NA,1,4.1,1,2011/7/31 11:02
155,BlueDuiker,PR,PICT0105,10,NA,NA,1,2.8,1,2011/8/3 12:57
155,BlueDuiker,PR,PICT0107,10,NA,NA,0,NA,NA,2011/8/3 15:24
155,BlueDuiker,PR,PICT0111,10,NA,NA,0,NA,NA,2011/8/5 10:02
155,RedDuiker,PR,PICT0112,10,NA,NA,0,NA,NA,2011/8/7 6:31
155,BlueDuiker,PR,PICT0113,10,NA,NA,1,NA,NA,2011/8/9 8:05
155,BlueDuiker,PR,PICT0114,10,NA,NA,1,NA,NA,2011/8/9 10:30
155,BlueDuiker,PR,PICT0119,10,NA,NA,1,NA,NA,2011/8/10 11:36
155,BlueDuiker,PR,PICT0123,10,NA,NA,1,NA,NA,2011/8/12 9:37
155,BlueDuiker,PR,PICT0127,10,NA,NA,0,NA,NA,2011/8/14 9:24
155,BlueDuiker,PR,PICT0131,10,NA,NA,0,NA,NA,2011/8/15 9:16
155,BlueDuiker,PR,PICT0135,10,NA,NA,1,NA,NA,2011/8/16 13:52
155,BlueDuiker,PR,PICT0140,10,NA,NA,1,NA,NA,2011/8/18 8:34
155,BlueDuiker,PR,PICT0141,10,NA,NA,0,NA,NA,2011/8/19 11:24
155,BlueDuiker,PR,PICT0143,10,NA,NA,1,NA,NA,2011/8/19 12:59
155,RedDuiker,PR,PICT0144,10,NA,NA,1,NA,NA,2011/8/19 17:05
155,RedDuiker,PR,PICT0149,10,NA,NA,0,NA,NA,2011/8/20 17:51
155,RedDuiker,PR,PICT0150,10,NA,NA,0,NA,NA,2011/8/21 13:27
155,BlueDuiker,PR,PICT0152,10,NA,NA,1,NA,NA,2011/8/21 16:28
155,RedDuiker,PR,PICT0156,10,NA,NA,1,NA,NA,2011/8/23 17:24
155,RedDuiker,PR,PICT0154,10,NA,NA,1,NA,NA,2011/8/23 17:29
155,BlueDuiker,PR,PICT0157,10,NA,NA,1,NA,NA,2011/8/24 9:52
155,BlueDuiker,PR,PICT0160,10,NA,NA,1,NA,NA,2011/8/24 13:04
155,BlueDuiker,PR,PICT0166,10,NA,NA,0,NA,NA,2011/8/26 15:13
155,BlueDuiker,PR,PICT0170,10,NA,NA,1,NA,NA,2011/8/29 13:09
155,BlueDuiker,PR,PICT0173,10,NA,NA,1,NA,NA,2011/8/30 9:46
155,RedDuiker,PR,PICT0171,10,NA,NA,0,NA,NA,2011/8/30 16:15
155,BlueDuiker,PR,PICT0175,10,NA,NA,1,NA,NA,2011/8/31 15:28
156,RedDuiker,PR,PICT0147,30,5.2,1,1,4,1,2011/7/15 3:54
156,RedDuiker,PR,PICT0153,30,2.3,1,1,0.6,1,2011/7/17 11:28
156,RedDuiker,PR,PICT0162,30,3.4,1,0,NA,NA,2011/7/20 7:29
156,BlueDuiker,PR,PICT0163,30,5.7,1,0,NA,NA,2011/7/20 8:32
156,RedDuiker,PR,PICT0164,30,8.9,1,0,NA,NA,2011/7/21 17:50
156,RedDuiker,PR,PICT0173,30,4.6,1,0,NA,NA,2011/7/23 14:06
156,RedDuiker,PR,PICT0174,30,3.7,1,1,1.8,1,2011/7/23 15:18
156,BlueDuiker,PR,PICT0176,30,5.7,1,1,4.7,1,2011/7/24 17:02
156,BlueDuiker,PR,PICT0178,30,3.8,1,1,2.4,1,2011/7/25 13:18
156,BlueDuiker,PR,PICT0185,10,NA,NA,1,12.1,1,2011/7/29 10:45
156,BlueDuiker,PR,PICT0193,10,NA,NA,0,NA,NA,2011/7/31 14:56
156,RedDuiker,PR,PICT0198,10,NA,NA,0,NA,NA,2011/8/2 14:44
156,RedDuiker,PR,PICT0207,10,NA,NA,1,1.4,1,2011/8/5 15:08
156,RedDuiker,PR,PICT0215,10,NA,NA,1,1,1,2011/8/8 11:09
156,RedDuiker,PR,PICT0216,10,NA,NA,0,NA,NA,2011/8/8 17:13
156,BlueDuiker,PR,PICT0219,10,NA,NA,1,NA,NA,2011/8/9 9:09
156,BlueDuiker,PR,PICT0223,10,NA,NA,1,NA,NA,2011/8/14 9:24
156,RedDuiker,PR,PICT0224,10,NA,NA,1,1.2,1,2011/8/14 17:37
156,RedDuiker,PR,PICT0225,10,NA,NA,0,NA,NA,2011/8/14 17:51
156,RedDuiker,PR,PICT0235,10,NA,NA,0,NA,NA,2011/8/17 17:41
156,RedDuiker,PR,PICT0238,10,NA,NA,1,NA,NA,2011/8/18 14:14
156,BlueDuiker,PR,PICT0244,10,NA,NA,1,NA,NA,2011/8/20 17:38
156,BlueDuiker,PR,PICT0245,10,NA,NA,1,NA,NA,2011/8/21 10:11
156,RedDuiker,PR,PICT0246,10,NA,NA,1,NA,NA,2011/8/21 15:05
157,BlueDuiker,PR,PICT0023,30,0.7,1,0,NA,NA,2011/7/13 7:24
157,RedDuiker,PR,PICT0027,30,0.1,1,0,NA,NA,2011/7/22 17:41
157,RedDuiker,PR,PICT0031,10,NA,NA,0,NA,NA,2011/7/28 17:00
157,BlueDuiker,PR,PICT0042,10,NA,NA,1,30,1,2011/8/10 7:35
157,BlueDuiker,PR,PICT0045,10,NA,NA,1,NA,NA,2011/8/14 6:39
157,RedDuiker,PR,PICT0048,10,NA,NA,1,0.2,1,2011/8/20 13:49
157,RedDuiker,PR,PICT0056,10,NA,NA,1,NA,NA,2011/8/31 12:37
158,RedDuiker,PR,PICT0128,10,NA,NA,1,NA,NA,2011/7/29 9:55
158,RedDuiker,PR,PICT0146,10,NA,NA,0,NA,NA,2011/8/18 12:50
158,RedDuiker,PR,PICT0146,10,NA,NA,0,NA,NA,2011/8/18 12:50
159,RedDuiker,PR,PICT0045,10,NA,NA,0,NA,NA,2011/8/10 11:44
160,RedDuiker,PR,PICT0030,10,NA,NA,1,NA,NA,2011/7/29 13:07
160,BlueDuiker,PR,PICT0035,10,NA,NA,0,NA,NA,2011/8/2 16:26
160,RedDuiker,PR,PICT0039,10,NA,NA,1,NA,NA,2011/8/9 7:55
160,BlueDuiker,PR,PICT0043,10,NA,NA,0,NA,NA,2011/8/10 16:06
160,BlueDuiker,PR,PICT0053,10,NA,NA,1,NA,NA,2011/8/21 10:19
160,RedDuiker,PR,PICT0054,10,NA,NA,0,NA,NA,2011/8/23 16:18
160,RedDuiker,PR,PICT0058,10,NA,NA,1,NA,NA,2011/8/30 6:34
160,RedDuiker,PR,PICT0059,10,NA,NA,0,NA,NA,2011/8/31 7:18
161,BlueDuiker,YS,PICT0055,30,5.3,1,0,NA,NA,2011/7/14 17:38
161,BlueDuiker,YS,PICT0084,10,NA,NA,1,0.8,1,2011/7/31 16:21
161,BlueDuiker,YS,PICT0086,10,NA,NA,0,NA,NA,2011/8/3 15:05
161,RedDuiker,YS,PICT0102,10,NA,NA,1,NA,NA,2011/8/21 8:00
161,RedDuiker,YS,PICT0108,10,NA,NA,0,NA,NA,2011/8/26 7:49
162,BlueDuiker,YS,PICT0063,30,8.3,1,1,NA,NA,2011/7/25 11:01
162,BlueDuiker,YS,PICT0078,10,NA,NA,1,7.5,1,2011/8/2 17:13
162,BlueDuiker,YS,PICT0100,10,NA,NA,0,NA,NA,2011/8/19 13:06
163,BlueDuiker,YS,PICT0061,30,8.5,1,1,5.1,1,2011/7/18 12:57
163,BlueDuiker,YS,PICT0065,30,3,1,0,NA,NA,2011/7/20 14:35
163,BlueDuiker,YS,PICT0090,10,NA,NA,0,NA,NA,2011/7/31 8:39
163,BlueDuiker,YS,PICT0095,10,NA,NA,1,2.3,1,2011/8/4 8:11
163,BlueDuiker,YS,PICT0112,10,NA,NA,0,NA,NA,2011/8/16 13:40
163,BlueDuiker,YS,PICT0122,10,NA,NA,0,NA,NA,2011/8/19 7:26
163,BlueDuiker,YS,PICT0123,10,NA,NA,1,NA,NA,2011/8/19 16:38
163,BlueDuiker,YS,PICT0124,10,NA,NA,1,NA,NA,2011/8/20 9:59
163,RedDuiker,YS,PICT0158,10,NA,NA,1,NA,NA,2011/8/30 13:38
164,BlueDuiker,YS,PICT0053,30,12,1,0,2.2,1,2011/7/15 9:47
166,BlueDuiker,YS,PICT0040,30,12.8,1,1,4.1,1,2011/7/14 14:04
166,BlueDuiker,YS,PICT0044,30,4.6,1,1,3.2,1,2011/7/16 14:34
166,BlueDuiker,YS,PICT0046,30,5,1,0,NA,NA,2011/7/18 8:16
166,BlueDuiker,YS,PICT0049,30,8.2,1,1,2.4,1,2011/7/19 10:20
166,RedDuiker,YS,PICT0050,30,0.1,1,1,0.1,1,2011/7/19 15:02
166,BlueDuiker,YS,PICT0055,30,8.8,1,0,NA,NA,2011/7/21 8:12
166,RedDuiker,YS,PICT0062,30,16.7,1,0,NA,NA,2011/7/23 8:08
166,BlueDuiker,YS,PICT0064,30,27.7,1,1,16.6,1,2011/7/24 12:29
166,BlueDuiker,YS,PICT0072,10,NA,NA,0,NA,NA,2011/7/28 9:18
166,BlueDuiker,YS,PICT0073,10,NA,NA,1,0.6,1,2011/7/30 9:00
166,BlueDuiker,YS,PICT0085,10,NA,NA,1,1.4,1,2011/8/7 10:59
166,BlueDuiker,YS,PICT0096,10,NA,NA,0,NA,NA,2011/8/15 13:51
166,RedDuiker,YS,PICT0101,10,NA,NA,1,6.2,1,2011/8/17 1:25
166,BlueDuiker,YS,PICT0106,10,NA,NA,0,NA,NA,2011/8/19 7:21
166,BlueDuiker,YS,PICT0127,10,NA,NA,1,NA,NA,2011/8/27 6:57
166,BlueDuiker,YS,PICT0136,10,NA,NA,1,NA,NA,2011/8/28 10:07
166,RedDuiker,YS,PICT0139,10,NA,NA,0,NA,NA,2011/8/29 14:03
168,BlueDuiker,YS,PICT0098,30,10.8,1,0,NA,NA,2011/7/18 11:45
168,BlueDuiker,YS,PICT0113,10,NA,NA,1,3.5,1,2011/8/1 16:09
176,RedDuiker,OS,PICT0076,30,6.1,1,1,4.9,1,2011/7/13 16:22
176,BlueDuiker,OS,PICT0082,30,8.2,1,0,NA,NA,2011/7/15 13:20
176,RedDuiker,OS,PICT0086,30,8.2,1,0,NA,NA,2011/7/16 7:46
176,RedDuiker,OS,PICT0087,30,3.5,1,0,NA,NA,2011/7/16 11:54
176,RedDuiker,OS,PICT0089,30,14.8,1,1,1.1,1,2011/7/17 8:42
176,RedDuiker,OS,PICT0091,30,11.9,1,0,NA,NA,2011/7/17 10:22
176,RedDuiker,OS,PICT0092,30,5.9,1,1,2.1,1,2011/7/17 10:53
176,BlueDuiker,OS,PICT0109,30,0.2,1,0,NA,NA,2011/7/24 9:02
176,BlueDuiker,OS,PICT0110,30,5.5,1,0,NA,NA,2011/7/24 15:52
176,BlueDuiker,OS,PICT0112,10,NA,NA,0,NA,NA,2011/7/25 10:31
176,BlueDuiker,OS,PICT0116,10,NA,NA,0,NA,NA,2011/7/27 8:54
176,BlueDuiker,OS,PICT0120,10,NA,NA,1,2,1,2011/7/27 14:56
176,BlueDuiker,OS,PICT0123,10,NA,NA,1,2.8,1,2011/7/28 10:31
176,BlueDuiker,OS,PICT0124,10,NA,NA,0,NA,NA,2011/7/29 8:44
176,RedDuiker,OS,PICT0128,10,NA,NA,0,NA,NA,2011/7/29 17:27
176,BlueDuiker,OS,PICT0141,10,NA,NA,1,3.3,1,2011/8/3 12:38
176,BlueDuiker,OS,PICT0142,10,NA,NA,1,NA,NA,2011/8/3 15:58
176,BlueDuiker,OS,PICT0159,10,NA,NA,1,NA,NA,2011/8/8 14:48
176,BlueDuiker,OS,PICT0164,10,NA,NA,0,NA,NA,2011/8/10 11:46
176,BlueDuiker,OS,PICT0166,10,NA,NA,1,NA,NA,2011/8/11 8:43
176,BlueDuiker,OS,PICT0175,10,NA,NA,0,NA,NA,2011/8/17 16:35
177,BlueDuiker,GL,PICT0102,30,12.6,1,1,1.2,1,2011/7/17 7:15
177,BlueDuiker,GL,PICT0110,30,19,1,0,NA,NA,2011/7/20 11:57
177,BlueDuiker,GL,PICT0121,30,0.9,1,0,NA,NA,2011/7/25 9:03
177,BlueDuiker,GL,PICT0124,30,5.2,1,1,0.8,1,2011/7/26 15:22
177,BlueDuiker,GL,PICT0131,10,NA,NA,1,10,0,2011/7/29 7:44
177,BlueDuiker,GL,PICT0139,10,NA,NA,0,NA,NA,2011/7/31 10:32
177,BlueDuiker,GL,PICT0143,10,NA,NA,1,4.6,1,2011/8/1 5:58
177,BlueDuiker,GL,PICT0144,10,NA,NA,1,NA,NA,2011/8/1 7:23
177,BlueDuiker,GL,PICT0163,10,NA,NA,0,NA,NA,2011/8/6 12:19
177,BlueDuiker,GL,PICT0167,10,NA,NA,1,NA,NA,2011/8/8 15:16
177,BlueDuiker,GL,PICT0169,10,NA,NA,1,NA,NA,2011/8/11 10:15
177,BlueDuiker,GL,PICT0179,10,NA,NA,1,NA,NA,2011/8/15 7:54
179,BlueDuiker,GL,PICT0060,30,14.4,1,0,NA,NA,2011/7/13 12:00
179,BlueDuiker,GL,PICT0065,30,30,0,0,NA,NA,2011/7/15 12:04
179,BlueDuiker,GL,PICT0085,10,NA,NA,0,NA,NA,2011/7/27 5:44
179,BlueDuiker,GL,PICT0088,10,NA,NA,1,4.5,1,2011/7/27 9:28
179,BlueDuiker,GL,PICT0092,10,NA,NA,1,3.6,1,2011/7/28 12:10
179,BlueDuiker,GL,PICT0101,10,NA,NA,0,NA,NA,2011/8/1 13:25
179,BlueDuiker,GL,PICT0105,10,NA,NA,1,NA,NA,2011/8/4 14:03
179,BlueDuiker,GL,PICT0107,10,NA,NA,1,NA,NA,2011/8/6 7:33
179,BlueDuiker,GL,PICT0110,10,NA,NA,0,NA,NA,2011/8/8 16:16
179,BlueDuiker,GL,PICT0115,10,NA,NA,1,NA,NA,2011/8/9 16:51
179,BlueDuiker,GL,PICT0136,10,NA,NA,1,NA,NA,2011/8/17 11:59
179,BlueDuiker,GL,PICT0141,10,NA,NA,1,NA,NA,2011/8/22 8:47
179,BlueDuiker,GL,PICT0152,10,NA,NA,0,NA,NA,2011/8/29 16:15
180,BlueDuiker,GL,PICT0056,30,10.2,1,1,2.1,1,2011/7/23 9:32
180,BlueDuiker,GL,PICT0114,10,NA,NA,0,NA,NA,2011/8/7 13:29
